aX,aY,aZ,gX,gY,gZ
5.21,-8.62,-0.31,-14.14,-13.65,-12.95
5.11,-8.61,-0.33,-10.50,-9.94,-9.10
5.06,-8.39,-0.51,-6.79,-6.23,-6.23
5.06,-8.47,-0.66,-3.15,-2.80,-2.80
5.29,-8.37,-0.64,-1.54,0.00,0.00
5.60,-8.50,-0.58,0.63,0.77,0.77
5.66,-8.47,-0.51,2.24,2.24,2.24
5.67,-8.32,-0.41,1.26,1.12,1.12
5.24,-8.58,-0.32,0.56,0.00,0.00
5.21,-8.49,-0.34,-1.61,-1.61,-1.61
5.13,-8.67,-0.34,-2.66,-2.66,-2.66
5.01,-8.75,-0.38,-2.31,-2.31,-2.31
4.73,-8.79,-0.36,-2.24,-2.17,-2.17
4.54,-8.64,-0.28,-2.24,-2.24,-2.24
4.41,-8.67,-0.04,-2.59,-2.59,-2.59
4.12,-8.78,-0.57,12.60,12.88,12.88
4.47,-9.48,-0.32,17.92,17.92,17.99
5.20,-9.25,-0.12,14.70,14.70,14.70
3.87,-8.37,0.08,3.99,3.92,3.92
4.12,-8.84,-0.21,0.14,-0.14,-0.14
4.17,-8.99,-0.29,-1.33,-1.54,-1.54
3.59,-9.04,-0.36,-3.57,-3.57,-3.64
3.43,-9.03,-0.36,-4.27,-4.27,-4.27
3.46,-9.15,-0.40,-3.99,-3.71,-3.71
3.58,-9.24,-0.42,-2.94,-2.66,-2.24
3.71,-9.30,-0.45,-0.77,-0.35,-0.35
3.83,-9.14,-0.51,2.80,3.22,3.22
4.43,-9.38,-0.28,7.98,7.98,7.98
5.48,-9.18,-0.14,3.85,3.85,3.85
5.22,-8.94,0.01,1.96,1.96,1.82
4.12,-8.57,0.00,-1.19,-1.19,-1.19
3.91,-8.58,-0.08,-2.17,-2.17,-2.17
3.80,-8.74,-0.20,-2.87,-3.08,-3.08
3.76,-8.89,-0.34,-4.27,-4.27,-4.27
3.61,-9.08,-0.31,-5.95,-5.95,-5.95
3.40,-9.19,-0.28,-6.86,-6.86,-6.86
3.17,-9.14,-0.27,-7.28,-7.28,-7.28
3.25,-9.52,-0.51,-3.99,-3.64,-2.94
3.57,-9.52,-0.53,2.52,2.52,2.52
3.66,-9.30,-0.46,5.88,6.09,6.09
3.62,-8.59,-0.23,7.84,7.84,7.77
3.62,-8.48,-0.14,7.07,7.07,6.79
3.73,-8.64,-0.13,5.18,5.18,5.18
4.05,-9.10,-0.19,3.01,3.01,3.01
4.57,-9.54,-0.26,0.49,0.35,0.35
4.97,-9.65,-0.25,-1.19,-1.96,-1.96
4.94,-9.34,-0.18,-3.36,-3.64,-4.20
4.43,-8.98,-0.10,-5.18,-5.32,-5.32
3.71,-8.71,-0.17,-6.86,-6.86,-6.86
3.35,-8.60,-0.24,-7.35,-7.49,-7.49
3.21,-8.93,-0.34,-7.84,-7.84,-7.84
3.34,-9.18,-0.38,-7.49,-7.35,-7.35
2.92,-9.26,-0.46,-6.02,-6.02,-5.81
4.23,-9.54,-0.59,3.22,3.08,3.08
3.58,-9.00,-0.56,0.21,0.21,0.21
3.57,-9.13,-0.43,1.19,0.91,0.91
3.80,-9.12,-0.18,-2.17,-2.17,-2.31
4.62,-8.70,-0.22,-20.58,-20.58,-20.93
4.73,-8.61,-0.16,-24.43,-24.43,-24.43
4.81,-8.80,-0.16,-29.96,-29.96,-30.31
4.97,-8.93,-0.13,-34.51,-34.51,-35.00
5.34,-8.96,-0.08,-38.43,-38.43,-38.85
5.69,-8.79,0.00,-41.44,-41.44,-41.86
5.55,-8.54,-0.01,-45.99,-45.99,-45.99
5.17,-8.23,-0.16,-50.19,-50.19,-50.19
4.89,-8.10,-0.32,-53.83,-53.83,-54.39
4.78,-8.11,-0.54,-57.47,-57.47,-57.47
4.67,-8.36,-0.72,-59.57,-59.57,-59.57
4.60,-8.53,-0.83,-60.55,-60.62,-60.62
4.55,-8.70,-0.91,-61.18,-61.18,-61.18
4.42,-8.80,-0.98,-61.11,-61.11,-61.04
4.27,-8.79,-1.05,-60.83,-60.83,-60.76
4.14,-8.85,-1.12,-60.13,-60.13,-60.20
4.05,-8.95,-1.19,-58.66,-58.66,-58.45
3.96,-9.02,-1.26,-56.56,-56.56,-56.56
3.84,-9.12,-1.29,-53.13,-53.13,-53.13
3.73,-9.18,-1.27,-49.49,-49.49,-49.49
3.57,-9.25,-1.24,-45.15,-45.15,-45.15
3.41,-9.28,-1.25,-40.18,-39.62,-39.62
3.19,-9.27,-1.25,-36.61,-36.19,-36.19
2.96,-9.42,-1.13,-28.00,-28.00,-27.44
2.87,-9.53,-0.95,-9.52,-9.52,-9.52
2.89,-9.49,-0.90,-5.88,-5.53,-5.53
2.92,-9.49,-1.06,1.54,1.54,1.96
2.85,-9.46,-1.17,5.46,5.46,6.02
2.76,-9.47,-1.36,15.05,15.05,15.05
2.79,-9.47,-1.42,18.83,18.83,18.83
2.85,-9.53,-1.49,24.85,24.85,24.85
2.98,-9.51,-1.62,33.39,33.39,34.58
3.10,-9.39,-1.63,39.69,39.69,40.32
3.22,-9.40,-1.59,44.45,44.45,44.45
3.51,-9.28,-1.45,53.41,53.41,53.90
3.64,-9.19,-1.46,58.03,58.03,58.03
3.80,-9.12,-1.46,61.32,61.32,61.32
3.93,-9.05,-1.46,63.49,63.49,63.49
4.07,-9.06,-1.42,65.73,65.73,65.73
4.15,-8.90,-1.40,67.48,67.48,67.48
4.20,-8.91,-1.35,68.46,68.46,68.53
4.28,-8.92,-1.25,70.21,70.21,70.21
4.45,-8.82,-1.15,71.12,71.12,71.12
4.57,-8.65,-1.01,71.19,71.19,71.19
4.60,-8.55,-0.91,70.77,70.77,70.77
4.61,-8.52,-0.76,70.42,70.42,70.42
4.64,-8.59,-0.64,69.30,69.16,69.16
4.80,-8.71,-0.60,67.62,67.34,67.34
4.91,-8.52,-0.52,66.08,65.24,65.24
4.87,-8.39,-0.43,63.91,63.77,63.07
4.72,-8.46,-0.32,61.18,61.18,60.90
4.71,-8.62,-0.27,58.73,58.73,58.73
4.81,-8.78,-0.27,56.98,56.98,56.98
4.91,-8.92,-0.26,54.88,54.88,54.88
5.01,-8.76,-0.22,53.41,53.41,53.41
4.95,-8.60,-0.18,51.80,51.17,51.17
4.89,-8.57,-0.08,49.28,49.28,48.79
4.81,-8.63,-0.01,47.18,47.18,47.18
4.80,-8.59,0.03,45.50,45.50,44.87
4.87,-8.63,0.10,43.40,43.40,43.40
5.04,-8.73,0.27,40.46,40.46,40.46
5.23,-8.61,0.39,37.52,37.52,37.52
5.26,-8.47,0.64,32.97,32.97,32.41
5.27,-8.38,0.79,28.77,28.28,28.28
5.27,-8.28,0.93,22.05,22.05,21.49
5.29,-8.25,1.00,17.78,16.45,16.45
5.27,-8.30,0.97,12.53,11.27,11.27
5.19,-8.42,0.96,7.35,6.09,6.09
5.08,-8.49,0.91,-2.94,-2.94,-2.94
4.93,-8.48,0.90,-6.79,-7.07,-7.07
4.69,-8.45,0.83,-9.17,-9.52,-9.52
4.57,-8.52,0.74,-11.90,-12.39,-12.60
4.54,-8.72,0.70,-13.44,-13.58,-13.65
4.56,-9.00,0.67,-13.93,-13.93,-13.93
4.62,-9.13,0.67,-15.19,-15.33,-15.33
4.63,-9.17,0.69,-16.73,-16.73,-16.73
4.54,-9.16,0.67,-18.69,-18.69,-18.69
4.30,-9.07,0.60,-19.81,-20.23,-20.23
3.92,-8.96,0.31,-23.94,-23.94,-23.94
4.08,-9.03,0.18,-24.01,-24.01,-24.01
4.04,-9.05,0.22,-22.96,-22.96,-22.75
3.92,-8.96,0.29,-22.33,-22.33,-22.33
3.82,-8.88,0.31,-22.40,-22.40,-22.33
3.71,-8.87,0.35,-22.19,-22.12,-22.05
3.62,-9.06,0.34,-21.56,-21.56,-21.14
3.61,-9.06,0.28,-20.72,-20.72,-20.58
3.57,-8.98,0.22,-20.72,-20.72,-20.72
3.50,-9.29,0.24,-18.48,-18.48,-18.48
3.50,-9.38,0.27,-15.75,-15.54,-15.54
3.42,-9.17,0.28,-14.42,-14.35,-14.35
3.42,-9.15,0.27,-13.44,-13.44,-13.44
3.55,-9.23,0.12,-9.87,-9.52,-9.52
3.51,-9.09,0.03,-8.33,-8.12,-7.63
3.50,-8.89,-0.08,-6.23,-5.81,-5.81
3.54,-9.44,-0.17,-2.66,-2.10,-2.10
3.91,-10.23,-0.26,0.49,2.38,2.38
4.60,-11.64,-0.42,6.44,6.44,6.44
4.72,-10.37,-0.50,6.44,6.23,6.23
3.66,-8.71,-0.31,4.62,3.85,3.85
2.50,-8.28,-0.08,2.87,2.66,2.45
3.48,-9.47,-0.60,5.18,5.18,5.11
4.13,-9.60,-0.82,4.41,4.41,4.13
4.31,-9.39,-0.86,3.29,3.29,3.29
3.57,-8.89,-0.69,2.03,2.03,2.03
3.25,-8.94,-0.76,1.26,0.91,0.91
3.05,-9.15,-0.95,-0.07,-0.07,-0.35
2.91,-9.33,-1.22,-1.68,-1.68,-2.17
2.86,-9.52,-1.34,-3.43,-3.43,-3.43
2.95,-9.56,-1.27,-4.83,-4.90,-4.90
2.70,-9.03,-1.71,-8.61,-8.61,-8.61
2.62,-8.94,-1.78,-9.10,-9.10,-9.10
2.46,-9.02,-1.78,-7.98,-7.84,-7.84
2.62,-9.48,-1.77,-7.28,-7.14,-7.14
3.22,-10.72,-1.63,-4.55,-4.55,-3.92
4.33,-11.15,-1.40,-1.26,0.14,0.84
4.76,-10.17,-0.97,3.36,3.36,3.78
3.00,-8.51,-0.25,2.03,2.03,1.82
2.46,-8.59,-0.17,0.42,0.42,0.42
2.46,-8.87,-0.17,-0.14,-0.14,-0.14
2.71,-9.08,-0.25,-0.77,-0.91,-0.91
2.96,-9.17,-0.26,-1.82,-2.31,-2.31
3.19,-9.44,-0.18,-3.08,-3.29,-3.50
3.47,-9.47,0.04,-5.04,-5.25,-5.25
3.52,-9.38,0.11,-5.95,-5.95,-6.02
3.49,-9.46,0.17,-5.46,-5.04,-4.76
3.42,-9.76,0.22,-3.15,-3.15,-1.89
3.32,-10.00,0.21,-0.07,-0.07,0.21
3.19,-10.06,0.15,2.52,2.52,2.87
2.96,-9.84,0.22,3.99,3.99,4.13
2.62,-9.71,0.24,5.32,5.32,5.32
2.35,-9.83,0.32,7.70,7.98,7.98
2.42,-9.75,0.31,9.24,9.80,9.80
2.56,-9.42,0.33,10.99,10.99,10.99
2.65,-9.16,0.40,11.83,11.83,11.83
2.68,-8.86,0.45,12.11,12.11,12.11
2.72,-8.73,0.69,13.65,14.14,14.14
3.06,-9.08,0.82,15.19,15.19,15.19
3.52,-9.21,0.87,14.56,14.28,14.28
3.81,-9.81,0.87,13.37,12.81,12.81
3.57,-8.54,0.54,-3.22,-3.99,-3.99
2.54,-8.27,0.54,-8.40,-8.82,-8.82
2.15,-8.27,0.49,-10.64,-11.34,-11.34
2.27,-8.53,0.25,-12.04,-12.18,-12.04
2.80,-9.07,-0.07,-11.69,-11.48,-11.48
3.54,-9.63,-0.32,-9.94,-9.80,-9.80
4.12,-9.78,-0.32,-8.61,-8.47,-8.47
4.37,-9.69,-0.24,-7.56,-7.21,-7.00
4.28,-9.23,-0.07,-6.16,-6.16,-5.95
3.70,-8.84,0.00,-5.67,-5.67,-5.67
3.24,-9.08,-0.04,-5.25,-5.18,-5.18
3.25,-9.54,-0.16,-3.92,-3.64,-3.64
3.49,-9.74,-0.22,-2.52,-2.52,-2.52
3.86,-9.51,-0.25,-2.24,-2.24,-2.10
4.07,-9.30,-0.22,-2.10,-2.10,-2.10
3.96,-9.02,-0.18,-2.03,-1.96,-1.96
3.68,-8.89,-0.20,-2.10,-2.03,-2.03
3.41,-9.00,-0.26,-2.10,-2.10,-2.10
3.34,-9.15,-0.29,-1.82,-1.75,-1.75
3.39,-9.45,-0.20,-1.54,-1.54,-1.54
3.46,-9.47,-0.13,-1.40,-1.40,-1.40
3.48,-9.39,-0.05,-1.89,-1.89,-1.89
3.48,-9.26,-0.02,-3.15,-3.15,-3.22
3.46,-9.17,-0.07,-4.13,-4.13,-4.13
3.40,-9.25,-0.16,-5.32,-5.32,-5.32
3.35,-9.27,-0.20,-5.67,-5.81,-5.81
3.30,-9.34,-0.20,-5.95,-5.95,-5.67
3.23,-9.21,-0.17,-6.37,-6.37,-6.37
3.18,-9.19,-0.10,-7.14,-7.14,-7.14
3.15,-9.33,-0.08,-7.21,-7.00,-7.00
3.12,-9.26,-0.09,-6.86,-6.86,-6.86
3.01,-9.10,-0.15,-6.58,-6.58,-6.58
2.98,-9.04,-0.17,-6.51,-6.51,-6.51
3.06,-9.18,-0.20,-5.95,-5.88,-5.81
3.30,-9.53,-0.23,-5.18,-5.18,-4.69
3.71,-9.93,-0.27,-3.92,-3.92,-3.64
4.12,-9.95,-0.24,-2.87,-2.87,-2.87
4.22,-9.44,-0.10,-2.45,-2.45,-2.38
3.83,-9.15,0.05,-2.52,-2.52,-2.52
3.38,-8.85,0.12,-2.87,-2.87,-2.87
3.11,-8.79,0.07,-3.15,-3.15,-3.15
3.17,-8.92,0.01,-3.57,-3.57,-3.57
3.45,-9.18,-0.07,-3.78,-3.78,-3.78
3.64,-9.43,-0.11,-3.99,-4.06,-4.06
3.68,-9.53,-0.14,-4.27,-4.34,-4.34
3.61,-9.42,-0.16,-4.69,-4.69,-4.83
3.44,-9.32,-0.13,-5.11,-5.04,-5.04
3.24,-9.21,-0.03,-5.60,-5.60,-5.60
3.13,-9.20,0.01,-5.46,-5.46,-5.46
3.10,-9.28,0.03,-4.90,-4.90,-4.90
3.12,-9.34,0.04,-3.64,-3.64,-3.64
3.30,-9.17,-0.13,0.35,0.42,0.42
3.33,-9.18,-0.07,1.61,1.61,1.82
3.34,-9.25,-0.03,2.59,2.59,2.59
3.29,-9.30,0.01,3.29,3.29,3.29
3.07,-9.50,0.24,2.45,2.45,2.45
3.06,-9.46,0.25,1.47,1.26,1.26
3.13,-9.57,0.28,0.56,0.56,0.56
3.27,-9.52,0.25,-1.54,-1.89,-1.89
3.23,-9.35,0.30,-3.08,-3.08,-3.29
3.16,-9.14,0.30,-4.55,-4.55,-4.55
3.03,-8.92,0.22,-6.30,-6.30,-6.30
3.01,-8.93,0.12,-7.35,-7.35,-7.35
3.09,-9.00,0.04,-7.49,-7.49,-7.49
3.23,-9.10,-0.03,-7.21,-7.21,-7.21
3.40,-9.20,-0.07,-6.72,-6.72,-6.65
3.43,-9.21,-0.11,-5.88,-5.67,-5.67
3.43,-9.26,-0.13,-4.69,-4.69,-4.69
3.41,-9.37,-0.16,-3.01,-2.66,-2.66
3.40,-9.45,-0.22,-0.98,-0.84,-0.84
3.38,-9.44,-0.28,0.77,0.98,0.98
3.36,-9.39,-0.29,2.03,2.31,2.31
3.32,-9.29,-0.27,3.99,3.99,4.20
3.25,-9.18,-0.26,5.18,5.46,5.46
3.23,-9.12,-0.23,7.14,7.14,7.14
3.48,-9.38,-0.12,8.82,8.82,9.10
3.61,-9.60,0.02,9.52,9.52,9.52
3.68,-9.62,0.09,8.61,8.61,8.61
3.61,-9.42,0.16,6.51,6.51,6.51
3.37,-8.80,0.16,-2.10,-2.10,-2.10
3.50,-8.84,0.07,-4.69,-4.69,-4.97
3.70,-8.89,-0.09,-6.93,-6.93,-6.93
3.94,-8.89,-0.19,-7.84,-8.05,-8.12
4.15,-9.03,-0.31,-8.47,-8.40,-8.40
4.25,-9.28,-0.40,-7.07,-7.07,-6.86
4.19,-9.32,-0.45,-5.39,-5.39,-5.39
4.05,-9.30,-0.48,-3.57,-3.36,-3.36
4.00,-9.23,-0.45,-2.52,-1.96,-1.96
3.91,-9.15,-0.38,-0.70,-0.70,-0.77
3.78,-9.07,-0.35,0.70,0.70,0.70
3.65,-9.03,-0.34,1.75,1.75,1.75
3.60,-9.19,-0.33,3.08,3.08,3.29
3.63,-9.23,-0.35,4.69,4.69,4.69
3.73,-9.26,-0.38,5.74,5.74,5.74
3.85,-9.14,-0.43,6.30,6.30,6.30
3.91,-8.93,-0.42,6.65,6.65,6.65
3.92,-8.72,-0.38,6.86,6.79,6.79
3.79,-8.50,-0.37,6.93,6.93,6.93
3.72,-8.77,-0.30,6.72,6.72,6.72
4.12,-9.74,-0.30,6.16,6.09,6.09
5.21,-9.87,-0.26,5.53,5.53,5.39
5.64,-9.42,-0.04,4.48,4.48,4.48
5.12,-8.73,0.08,3.57,3.29,3.29
4.20,-8.48,0.08,2.03,2.03,1.61
3.68,-8.42,0.02,0.56,0.56,0.56
3.55,-8.67,-0.21,-0.77,-0.77,-0.77
3.79,-8.89,-0.25,-1.40,-1.40,-1.40
3.98,-9.03,-0.29,-2.10,-2.10,-2.10
3.91,-9.15,-0.33,-2.10,-2.17,-2.17
3.57,-9.14,-0.41,-3.85,-3.85,-3.92
4.10,-9.17,-0.56,1.47,1.47,1.47
4.01,-9.15,-0.52,7.70,7.84,7.84
4.47,-9.45,-0.32,10.78,10.92,10.92
4.55,-9.32,-0.16,10.92,10.92,10.85
4.39,-9.15,-0.05,10.57,10.36,10.36
4.05,-8.92,0.10,9.45,9.45,9.45
3.56,-8.79,0.17,7.00,6.72,6.72
3.53,-8.84,0.18,5.11,4.69,4.69
3.65,-8.90,0.18,3.15,2.80,2.80
3.72,-9.07,-0.12,-0.98,-0.98,-1.05
4.04,-9.03,-0.10,3.64,3.64,3.92
4.00,-8.92,0.01,6.79,6.79,6.93
4.03,-9.00,0.03,7.56,7.56,7.56
4.21,-9.18,0.07,7.77,7.77,7.98
4.53,-9.35,0.12,7.91,7.91,7.84
4.77,-9.23,0.19,7.00,7.00,6.86
4.77,-9.08,0.29,5.53,5.53,5.39
4.51,-8.91,0.34,4.41,4.13,3.85
4.18,-8.74,0.36,3.15,2.59,2.38
3.79,-8.84,0.26,-1.54,-1.68,-1.68
4.00,-8.85,0.17,-3.22,-3.22,-3.36
3.94,-8.88,0.14,-4.55,-4.55,-4.83
3.87,-8.89,0.04,-5.88,-5.88,-5.88
3.77,-8.96,0.02,-6.23,-6.23,-6.23
3.73,-8.94,-0.05,-6.09,-6.09,-6.09
3.70,-9.02,-0.13,-5.60,-5.60,-5.60
3.77,-9.12,-0.19,-4.20,-4.20,-4.20
3.80,-9.14,-0.23,-2.73,-2.73,-2.73
3.86,-9.20,-0.20,-0.77,-0.77,-0.77
4.58,-9.42,0.07,2.80,2.80,3.01
4.55,-9.16,0.20,3.01,3.01,2.94
4.32,-8.92,0.34,2.52,2.52,2.52
4.06,-8.79,0.49,1.05,1.05,1.05
3.82,-8.83,0.53,-0.63,-0.63,-0.63
3.71,-8.89,0.48,-2.45,-2.73,-2.73
3.62,-8.94,0.40,-4.97,-5.39,-5.39
3.52,-9.04,0.26,-7.91,-8.19,-8.19
3.41,-9.12,0.09,-11.20,-11.20,-11.34
3.32,-9.18,0.03,-12.81,-13.30,-13.30
3.21,-9.18,-0.11,-14.91,-14.91,-14.91
3.25,-9.17,-0.22,-14.63,-14.63,-14.49
3.40,-9.20,-0.31,-13.23,-13.23,-13.23
3.82,-9.32,-0.47,-5.18,-4.62,-4.62
3.84,-9.31,-0.31,-0.42,-0.42,-0.35
3.86,-9.26,-0.24,0.98,1.19,1.19
3.83,-9.24,-0.05,2.17,2.17,2.24
3.61,-9.18,0.03,-0.21,-0.21,-0.21
3.41,-9.19,-0.02,-2.87,-3.43,-3.43
3.30,-9.20,-0.26,-8.12,-8.19,-8.19
3.31,-9.22,-0.27,-7.77,-7.77,-7.77
3.39,-9.45,-0.42,-4.76,-4.76,-4.76
3.32,-9.48,-0.38,-1.75,-1.75,-1.33
3.05,-9.24,-0.11,5.67,5.67,5.67
3.49,-9.64,0.00,2.87,2.87,2.87
3.68,-9.47,0.11,0.42,-0.14,-0.14
3.25,-8.96,0.13,-3.08,-3.08,-3.08
3.11,-9.10,0.13,-4.20,-4.20,-4.20
3.14,-9.27,-0.08,-6.72,-6.72,-6.72
3.11,-9.43,-0.17,-6.65,-6.65,-6.65
2.96,-9.35,-0.26,-5.95,-5.95,-5.95
2.85,-9.20,-0.29,-5.74,-5.74,-5.74
2.85,-9.27,-0.30,-5.11,-5.11,-4.97
2.92,-9.33,-0.26,-4.13,-4.13,-3.99
2.94,-9.33,-0.24,-2.31,-2.31,-2.31
2.95,-9.34,-0.23,-0.49,-0.49,-0.49
3.09,-9.49,-0.21,0.98,1.47,1.47
3.39,-9.68,-0.17,3.15,3.57,3.57
3.70,-9.76,-0.08,4.55,4.55,4.83
3.87,-9.57,-0.00,5.39,5.39,5.39
3.70,-9.30,0.14,5.74,5.74,5.74
3.47,-9.03,0.18,5.60,5.60,5.60
3.35,-8.86,0.22,5.18,5.18,5.18
3.43,-8.84,0.21,3.99,3.99,3.99
3.58,-9.03,0.16,2.45,2.31,2.31
3.77,-9.14,0.11,0.56,0.56,0.56
3.85,-9.16,0.06,-1.61,-1.61,-1.61
3.89,-9.19,0.01,-3.36,-3.36,-3.57
3.86,-9.21,0.03,-5.18,-5.18,-5.18
3.81,-9.22,0.06,-6.30,-6.30,-6.30
3.75,-9.25,0.08,-7.14,-7.14,-7.14
3.61,-9.21,0.07,-7.35,-7.28,-7.28
3.52,-9.16,0.06,-7.21,-7.21,-7.21
3.50,-9.17,0.05,-6.72,-6.72,-6.72
3.55,-9.30,-0.01,-6.23,-6.23,-6.16
3.55,-9.37,-0.01,-5.81,-5.81,-5.74
3.44,-9.42,-0.02,-5.53,-5.53,-5.53
3.37,-9.37,-0.04,-5.74,-5.74,-5.74
3.43,-9.28,-0.10,-5.81,-5.88,-5.88
3.55,-9.15,-0.16,-6.09,-6.23,-6.23
3.65,-9.01,-0.20,-6.86,-6.86,-6.86
3.67,-9.17,-0.22,-6.79,-6.65,-6.65
3.33,-9.21,-0.26,-4.41,-4.41,-4.41
3.31,-9.24,-0.15,-3.78,-3.71,-3.71
3.53,-9.29,-0.01,-3.29,-3.29,-3.29
3.76,-9.27,0.03,-3.71,-3.71,-3.71
3.91,-9.34,-0.01,-3.92,-3.92,-3.92
3.81,-9.29,-0.10,-3.85,-3.85,-3.85
3.63,-9.09,-0.18,-4.13,-4.20,-4.20
3.50,-9.11,-0.16,-4.90,-4.90,-4.90
3.43,-9.16,-0.18,-5.46,-5.46,-5.46
3.32,-9.16,-0.17,-6.09,-6.16,-6.16
3.18,-9.17,-0.19,-6.79,-7.07,-7.07
3.10,-9.21,-0.22,-7.56,-7.77,-7.77
3.05,-9.26,-0.29,-7.98,-7.98,-7.98
3.15,-9.25,-0.40,-7.98,-7.98,-7.98
3.23,-9.29,-0.45,-7.63,-7.49,-7.49
3.21,-9.38,-0.54,-6.72,-6.44,-6.44
3.13,-9.38,-0.51,-5.39,-5.39,-5.18
3.13,-9.40,-0.48,-4.34,-3.85,-3.64
3.28,-9.35,-0.45,-2.59,-2.59,-2.03
3.34,-9.38,-0.42,-0.84,-0.84,-0.84
3.36,-9.43,-0.39,0.49,0.49,0.49
3.41,-9.49,-0.38,1.26,1.26,1.26
3.49,-9.43,-0.33,2.10,2.10,2.10
3.55,-9.36,-0.29,1.82,1.75,1.75
3.50,-9.30,-0.23,1.40,1.19,1.19
3.24,-9.05,-0.11,-0.77,-0.77,-0.84
3.06,-9.02,-0.11,-2.59,-2.59,-2.94
2.91,-9.04,-0.15,-5.39,-5.39,-5.39
2.89,-9.25,-0.20,-6.37,-6.37,-6.37
2.95,-9.44,-0.29,-6.93,-6.93,-6.93
3.07,-9.49,-0.41,-6.65,-6.65,-6.65
3.23,-9.54,-0.51,-6.02,-6.02,-6.02
3.36,-9.43,-0.62,-4.97,-4.97,-4.97
3.35,-9.27,-0.63,-4.20,-4.20,-4.20
3.36,-9.18,-0.60,-3.71,-3.71,-3.71
3.44,-9.15,-0.56,-3.01,-3.01,-3.01
3.42,-9.16,-0.54,-1.75,-1.75,-1.75
3.40,-9.21,-0.53,-0.84,-0.84,-0.77
3.39,-9.33,-0.57,0.00,0.00,0.00
3.47,-9.49,-0.56,0.35,0.35,0.35
3.63,-9.56,-0.56,0.84,0.84,0.84
3.70,-9.49,-0.54,0.98,1.05,1.05
3.61,-9.32,-0.48,0.70,0.70,0.70
3.45,-9.21,-0.51,0.21,0.21,-0.14
3.33,-9.23,-0.49,-0.56,-0.56,-0.63
3.25,-9.21,-0.52,-1.40,-1.40,-1.40
3.16,-9.21,-0.56,-2.17,-2.17,-2.17
3.10,-9.22,-0.62,-3.22,-3.22,-3.22
3.06,-9.31,-0.65,-3.43,-3.43,-3.43
3.03,-9.36,-0.66,-3.22,-3.22,-3.01
3.04,-9.38,-0.66,-2.73,-2.73,-2.59
3.02,-9.38,-0.67,-1.89,-1.89,-1.89
3.11,-9.46,-0.67,-0.49,-0.49,-0.49
3.25,-9.45,-0.70,1.33,1.75,1.75
3.31,-9.41,-0.66,2.94,3.78,3.78
3.30,-9.30,-0.65,4.90,5.25,5.60
3.30,-9.40,-0.60,6.44,6.65,6.65
3.47,-9.60,-0.55,8.05,8.05,8.05
3.71,-9.14,-0.31,7.98,7.63,7.63
3.40,-9.03,-0.28,6.65,6.58,6.58
3.13,-8.97,-0.28,5.11,4.83,4.83
3.09,-8.98,-0.32,2.59,2.59,2.31
3.06,-9.16,-0.32,0.91,0.91,0.63
3.05,-9.22,-0.36,-0.77,-0.77,-0.84
2.99,-9.26,-0.41,-2.80,-2.80,-2.80
2.95,-9.40,-0.45,-3.22,-3.22,-3.22
2.94,-9.42,-0.48,-3.15,-3.08,-3.08
2.98,-9.41,-0.51,-2.73,-2.52,-2.52
3.07,-9.44,-0.54,-1.82,-1.82,-1.54
3.20,-9.47,-0.49,0.07,0.07,0.07
3.26,-9.41,-0.52,1.89,2.17,2.17
3.25,-9.42,-0.51,3.57,3.78,3.78
3.26,-9.40,-0.49,5.46,5.46,5.67
3.25,-9.36,-0.45,6.51,6.51,6.65
3.27,-9.35,-0.41,7.21,7.21,7.21
3.24,-9.29,-0.36,7.70,7.70,7.70
3.24,-9.26,-0.33,7.35,7.28,7.28
3.24,-9.34,-0.29,6.79,6.72,6.72
3.21,-9.35,-0.29,5.95,5.81,5.81
3.26,-9.30,-0.27,4.48,4.48,4.48
3.23,-9.28,-0.27,3.08,3.01,3.01
3.14,-9.23,-0.29,2.17,2.03,2.03
3.09,-9.24,-0.34,1.33,1.33,1.12
3.07,-9.30,-0.37,0.91,0.91,0.98
3.09,-9.32,-0.41,0.77,0.77,0.91
3.08,-9.32,-0.42,0.91,0.91,0.91
3.05,-9.39,-0.43,1.19,1.19,1.19
3.06,-9.41,-0.42,2.03,2.03,2.03
3.06,-9.39,-0.42,2.59,2.66,2.66
3.08,-9.42,-0.41,3.57,3.57,3.57
3.11,-9.42,-0.41,4.48,4.48,4.48
3.06,-9.35,-0.30,6.79,6.79,6.79
3.04,-9.30,-0.26,7.00,7.14,7.14
3.13,-9.30,-0.26,7.14,7.07,7.07
3.19,-9.36,-0.22,7.21,7.21,7.14
3.22,-9.32,-0.22,7.14,7.14,7.14
3.27,-9.22,-0.23,6.30,6.30,6.30
3.35,-9.31,-0.21,5.88,5.95,5.95
3.43,-9.40,-0.20,5.88,5.88,5.88
3.34,-9.20,-0.12,4.55,4.55,4.55
3.42,-9.25,-0.11,2.66,2.66,2.66
3.55,-9.24,0.00,0.91,0.91,0.91
3.49,-9.25,0.03,0.42,0.07,0.07
3.43,-9.24,0.00,-0.56,-0.77,-0.77
3.42,-9.23,0.01,-1.61,-1.61,-1.75
3.47,-9.26,0.02,-2.80,-2.87,-2.87
3.44,-9.28,0.03,-4.76,-4.76,-4.76
3.43,-9.30,0.02,-5.04,-5.04,-5.11
3.46,-9.27,0.00,-5.11,-5.11,-5.11
3.36,-9.26,-0.06,-5.46,-5.46,-5.46
3.35,-9.29,-0.10,-5.32,-5.18,-5.18
3.35,-9.31,-0.13,-4.83,-4.83,-4.76
3.37,-9.30,-0.15,-4.41,-4.41,-4.41
3.37,-9.30,-0.16,-4.34,-4.27,-4.27
3.36,-9.32,-0.17,-3.99,-3.99,-3.85
3.33,-9.30,-0.16,-3.36,-3.36,-3.43
3.32,-9.27,-0.18,-3.22,-3.22,-3.22
3.31,-9.35,-0.16,-3.01,-3.01,-2.94
3.33,-9.33,-0.15,-2.52,-2.52,-2.52
3.34,-9.24,-0.19,-2.38,-2.38,-2.38
3.38,-9.34,-0.18,-1.96,-1.96,-1.96
3.34,-9.33,-0.17,-1.12,-1.12,-0.98
3.34,-9.29,-0.22,-0.07,-0.07,-0.07
3.33,-9.30,-0.21,0.07,0.14,0.14
3.39,-9.30,-0.23,0.35,0.35,0.56
3.39,-9.24,-0.24,0.70,0.70,0.56
3.42,-9.23,-0.22,0.63,0.63,0.63
3.45,-9.28,-0.23,0.77,0.77,0.77
3.52,-9.29,-0.19,0.91,0.98,0.98
3.44,-9.28,-0.18,1.19,0.98,0.98
3.40,-9.24,-0.22,0.84,0.84,0.84
3.42,-9.26,-0.21,0.56,0.49,0.49
3.46,-9.27,-0.21,0.56,0.63,0.63
3.45,-9.29,-0.21,0.70,0.70,0.77
3.39,-9.26,-0.24,0.42,0.42,0.42
3.37,-9.29,-0.23,0.07,0.07,0.07
3.41,-9.30,-0.23,0.28,0.28,0.35
3.44,-9.30,-0.24,0.07,0.07,0.07
3.46,-9.26,-0.26,0.42,0.42,0.35
3.44,-9.27,-0.23,0.70,0.70,0.70
3.40,-9.26,-0.24,1.12,1.12,1.12
3.38,-9.26,-0.21,1.12,1.12,1.12
3.40,-9.31,-0.21,1.12,1.12,1.12
3.31,-9.26,-0.24,0.84,0.77,0.77
3.27,-9.27,-0.19,1.19,1.19,1.19
3.30,-9.27,-0.17,1.12,1.05,1.19
3.38,-9.30,-0.23,1.33,1.33,1.33
3.45,-9.29,-0.22,1.40,1.47,1.47
3.46,-9.26,-0.22,1.40,1.54,1.54
3.46,-9.25,-0.21,1.47,1.47,1.47
3.44,-9.24,-0.21,1.47,1.47,1.47
3.38,-9.16,-0.20,1.12,1.12,1.12
3.38,-9.23,-0.20,0.56,0.56,0.56
3.36,-9.28,-0.18,0.42,0.42,0.42
3.34,-9.28,-0.21,0.14,0.07,0.07
3.29,-9.26,-0.22,-0.35,-0.49,-0.63
3.28,-9.29,-0.24,-0.77,-0.77,-0.98
3.31,-9.31,-0.25,-0.91,-0.91,-0.91
3.30,-9.34,-0.24,-0.42,-0.42,-0.35
3.33,-9.30,-0.25,0.07,0.07,0.07
3.33,-9.30,-0.26,0.28,0.35,0.35
3.41,-9.28,-0.26,0.49,0.49,0.49
3.46,-9.27,-0.28,0.70,0.70,0.70
3.50,-9.26,-0.28,1.05,1.05,1.19
3.49,-9.25,-0.30,1.40,1.40,1.40
3.46,-9.21,-0.29,1.54,1.54,1.54
3.46,-9.26,-0.31,1.33,1.33,1.33
3.49,-9.23,-0.29,1.05,1.05,1.12
3.48,-9.26,-0.30,1.19,1.19,1.19
3.50,-9.26,-0.32,1.54,1.54,1.54
3.59,-9.27,-0.31,1.68,1.68,1.68
3.59,-9.25,-0.31,3.29,3.29,3.29
3.55,-9.15,-0.28,3.08,3.08,3.08
3.58,-9.16,-0.23,2.87,2.87,2.87
3.64,-9.19,-0.24,2.94,2.94,2.94
3.66,-9.17,-0.21,2.87,2.80,2.59
3.67,-9.19,-0.22,2.24,2.24,2.24
3.64,-9.18,-0.20,1.68,1.68,1.68
3.59,-9.14,-0.20,0.28,0.28,0.28
3.60,-9.15,-0.22,-0.21,-0.21,-0.35
3.65,-9.20,-0.25,-0.56,-0.56,-0.56
3.65,-9.19,-0.24,-0.63,-0.63,-0.63
3.63,-9.17,-0.25,-0.98,-0.84,-0.84
3.62,-9.20,-0.24,-1.05,-1.05,-1.05
3.63,-9.23,-0.24,-0.98,-0.98,-0.98
3.55,-9.21,-0.25,-0.91,-0.84,-0.84
3.52,-9.22,-0.21,-0.98,-0.98,-0.98
3.50,-9.23,-0.23,-0.98,-0.98,-0.98
3.46,-9.24,-0.22,-0.91,-0.91,-0.91
3.47,-9.20,-0.22,-0.77,-0.63,-0.63
3.49,-9.22,-0.23,-0.84,-0.77,-0.77
3.48,-9.26,-0.24,-0.91,-0.91,-0.91
3.49,-9.27,-0.27,-0.70,-0.70,-0.56
3.51,-9.24,-0.29,-0.28,-0.28,-0.35
3.53,-9.21,-0.31,-0.28,-0.28,-0.28
3.53,-9.19,-0.27,-0.35,-0.35,-0.42
3.56,-9.22,-0.23,-0.21,-0.21,-0.21
3.59,-9.24,-0.21,0.14,0.14,0.21
3.61,-9.09,-0.24,0.07,0.07,-0.21
3.57,-9.14,-0.24,-0.21,-0.21,-0.21
3.65,-9.26,-0.25,0.42,0.42,0.63
3.67,-9.21,-0.26,1.05,1.05,1.12
3.59,-9.11,-0.28,0.98,0.98,1.05
3.60,-9.09,-0.26,1.05,1.05,1.12
3.67,-9.17,-0.24,1.75,1.82,1.82
3.78,-9.31,-0.22,1.82,1.82,1.82
3.96,-9.39,-0.24,2.03,2.10,2.10
4.11,-9.32,-0.21,2.10,2.10,2.24
4.04,-9.21,-0.18,2.10,2.03,2.03
3.85,-9.09,-0.20,1.89,1.89,1.82
3.68,-9.02,-0.16,1.68,1.68,1.68
3.68,-9.14,-0.19,0.91,0.91,0.91
3.62,-9.14,-0.22,0.49,0.49,0.49
3.54,-9.17,-0.21,0.07,-0.07,-0.07
3.48,-9.17,-0.20,-0.35,-0.35,-0.28
3.44,-9.17,-0.19,-0.42,-0.42,-0.42
3.47,-9.21,-0.22,-0.56,-0.56,-0.56
3.50,-9.20,-0.24,-0.49,-0.49,-0.49
3.56,-9.22,-0.22,-0.42,-0.42,-0.35
3.67,-9.22,-0.23,0.21,0.21,0.21
3.69,-9.20,-0.23,0.91,0.91,1.19
3.73,-9.19,-0.22,1.54,1.54,1.54
3.80,-9.24,-0.22,1.96,2.03,2.03
3.86,-9.31,-0.19,2.45,2.45,2.45
3.91,-9.26,-0.17,2.80,2.80,2.80
3.83,-9.21,-0.10,2.59,2.66,2.66
3.70,-9.17,-0.06,2.38,2.24,2.24
3.57,-9.08,-0.07,1.47,1.40,1.40
3.51,-9.17,-0.05,0.77,0.77,0.77
3.50,-9.14,-0.09,0.35,0.28,0.28
3.41,-9.11,-0.14,-0.70,-0.84,-0.84
3.42,-9.24,-0.13,-1.33,-1.33,-1.33
3.46,-9.36,-0.16,-1.61,-1.61,-1.61
3.41,-9.27,-0.20,-1.75,-1.75,-1.89
3.38,-9.25,-0.19,-2.31,-2.31,-2.45
3.41,-9.32,-0.19,-2.31,-2.31,-2.31
3.43,-9.41,-0.17,-1.33,-1.33,-1.33
3.48,-9.42,-0.19,-0.56,-0.21,-0.21
3.46,-9.36,-0.25,0.63,0.63,0.63
3.42,-9.30,-0.23,2.10,2.10,2.10
3.41,-9.27,-0.19,2.87,2.87,2.87
3.42,-9.26,-0.12,3.64,3.64,3.64
3.46,-9.22,-0.08,3.99,4.06,4.06
3.46,-9.17,-0.05,4.06,3.92,3.92
3.40,-9.19,-0.05,3.36,3.36,3.36
3.40,-9.19,-0.03,2.52,2.38,2.38
3.39,-9.18,-0.04,1.82,1.33,1.33
3.43,-9.20,-0.03,0.42,0.42,0.42
3.33,-9.20,-0.09,-1.26,-1.61,-1.61
3.32,-9.19,-0.09,-2.03,-2.03,-2.03
3.38,-9.26,-0.11,-2.38,-2.38,-2.38
3.45,-9.27,-0.10,-2.66,-2.66,-2.66
3.48,-9.30,-0.16,-2.17,-1.89,-1.89
3.51,-9.27,-0.16,-1.68,-1.61,-1.61
3.54,-9.27,-0.17,-1.47,-1.40,-1.40
3.56,-9.28,-0.12,-1.26,-1.12,-1.12
3.51,-9.29,-0.14,-0.98,-0.98,-0.91
3.51,-9.27,-0.13,-0.63,-0.56,-0.56
3.46,-9.24,-0.14,-0.49,-0.42,-0.42
3.49,-9.30,-0.10,0.00,0.00,0.00
3.50,-9.19,-0.13,-0.14,-0.21,-0.35
3.52,-9.23,-0.13,-0.70,-0.63,-0.63
3.58,-9.40,-0.12,-0.35,-0.14,0.00
3.57,-9.27,-0.14,0.14,0.14,0.14
3.45,-9.16,-0.11,-0.28,-0.28,-0.35
3.43,-9.15,-0.08,-0.84,-0.84,-0.84
3.50,-9.23,-0.08,-0.77,-0.77,-0.77
3.52,-9.22,-0.12,-0.84,-0.84,-0.84
3.55,-9.22,-0.14,-1.19,-1.12,-1.12
3.56,-9.28,-0.17,-1.05,-0.98,-0.98
3.57,-9.22,-0.20,-0.91,-0.91,-0.91
3.62,-9.21,-0.19,-1.05,-1.05,-1.05
3.61,-9.17,-0.19,-1.12,-1.12,-1.12
3.61,-9.16,-0.18,-1.33,-1.33,-1.40
3.67,-9.22,-0.17,-1.19,-1.05,-1.05
3.66,-9.19,-0.19,-0.84,-0.84,-0.84
3.62,-9.17,-0.18,-1.19,-1.19,-1.26
3.59,-9.24,-0.18,-1.47,-1.47,-1.54
3.66,-9.21,-0.19,-1.54,-1.54,-1.54
3.69,-9.19,-0.19,-1.54,-1.54,-1.54
3.65,-9.17,-0.19,-1.54,-1.54,-1.54
3.62,-9.20,-0.19,-1.61,-1.68,-1.68
3.61,-9.20,-0.18,-1.54,-1.54,-1.54
3.68,-9.23,-0.20,-1.33,-1.33,-1.26
3.69,-9.25,-0.19,-0.70,-0.70,-0.70
3.66,-9.24,-0.18,0.07,0.07,0.07
3.64,-9.21,-0.20,0.70,0.84,0.84
3.59,-9.17,-0.20,1.33,1.33,1.47
3.59,-9.17,-0.17,2.10,2.10,2.10
3.61,-9.20,-0.19,2.59,2.66,2.66
3.65,-9.20,-0.16,3.50,3.50,3.50
3.62,-9.23,-0.15,4.13,4.13,4.20
3.60,-9.22,-0.12,4.48,4.62,4.62
3.55,-9.27,-0.07,5.11,5.11,5.11
3.56,-9.17,-0.07,5.25,5.39,5.39
3.57,-9.15,-0.03,5.11,5.11,5.25
3.68,-9.27,0.01,5.46,5.67,5.81
3.65,-9.24,-0.00,5.95,5.95,6.02
3.59,-9.12,0.05,5.60,5.60,5.60
3.70,-9.14,0.09,4.90,4.90,4.90
3.75,-9.12,0.10,4.34,4.34,4.34
3.77,-9.12,0.07,3.85,3.85,3.78
3.75,-9.13,0.10,3.01,3.01,3.01
3.74,-9.09,0.12,0.84,0.84,0.84
3.68,-9.12,0.12,0.21,0.00,0.00
3.61,-9.15,0.12,-1.54,-1.54,-1.68
3.63,-9.14,0.10,-2.45,-2.45,-2.45
3.62,-9.18,0.09,-3.43,-3.43,-3.43
3.56,-9.20,0.02,-3.71,-3.92,-3.92
3.54,-9.19,0.02,-4.06,-4.20,-4.20
3.55,-9.21,-0.01,-4.27,-4.27,-4.20
3.55,-9.27,-0.01,-3.92,-3.92,-3.92
3.53,-9.27,-0.04,-3.50,-3.50,-3.50
3.53,-9.25,-0.05,-3.15,-3.15,-3.15
3.56,-9.25,-0.05,-2.87,-2.87,-2.87
3.59,-9.27,-0.06,-2.31,-2.31,-2.31
3.59,-9.25,-0.10,-2.03,-2.03,-2.03
3.58,-9.24,-0.09,-1.89,-1.89,-1.75
3.61,-9.23,-0.07,-1.68,-1.68,-1.68
3.63,-9.22,-0.10,-1.61,-1.61,-1.75
3.62,-9.21,-0.11,-1.68,-1.68,-1.68
3.63,-9.15,-0.09,-2.52,-2.52,-2.52
3.63,-9.21,-0.11,-2.38,-2.45,-2.45
3.64,-9.15,-0.17,-2.52,-2.52,-2.66
3.57,-9.17,-0.18,-3.22,-3.15,-3.15
3.59,-9.34,-0.17,-2.87,-2.87,-2.59
3.59,-9.29,-0.16,-2.24,-2.24,-1.96
3.44,-9.24,-0.16,-2.17,-2.17,-2.31
3.35,-9.28,-0.16,-2.24,-2.24,-2.24
3.35,-9.32,-0.19,-1.47,-1.40,-1.40
3.33,-9.33,-0.19,-0.63,-0.49,-0.49
3.36,-9.38,-0.21,0.07,0.28,0.28
3.39,-9.37,-0.21,0.77,1.05,1.05
3.44,-9.33,-0.20,1.54,1.54,1.54
3.43,-9.31,-0.19,1.96,2.10,2.10
3.39,-9.30,-0.18,2.31,2.38,2.38
3.39,-9.33,-0.16,2.87,3.01,3.01
3.37,-9.31,-0.14,3.22,3.22,3.22
3.34,-9.28,-0.18,3.29,3.22,3.22
3.69,-9.22,-0.12,7.21,7.21,7.21
3.05,-9.15,0.11,6.23,6.23,6.23
2.70,-9.22,0.01,2.52,2.52,2.52
2.82,-9.27,-0.05,1.40,1.26,1.26
3.05,-9.30,-0.09,0.91,1.05,1.05
3.41,-9.48,-0.10,0.91,0.98,0.98
3.90,-9.29,-0.05,2.38,2.45,2.45
3.73,-9.19,-0.01,2.52,2.66,2.66
3.49,-9.10,-0.01,2.94,2.94,2.94
3.34,-9.06,-0.05,3.01,3.01,3.01
3.17,-9.13,-0.03,2.94,2.94,2.94
3.01,-9.23,-0.02,2.45,2.45,2.45
2.99,-9.24,-0.01,1.47,1.40,1.40
3.06,-9.27,-0.06,-0.49,-0.49,-0.70
3.55,-9.42,-0.18,-3.57,-3.50,-3.50
3.74,-9.27,-0.17,-3.29,-3.29,-3.29
3.94,-9.16,-0.18,-3.15,-3.15,-3.15
3.99,-9.21,-0.20,-2.45,-2.45,-2.45
3.89,-9.23,-0.23,-1.96,-1.82,-1.82
3.81,-9.15,-0.23,-1.82,-1.89,-1.89
3.71,-9.14,-0.22,-2.10,-2.31,-2.38
3.53,-9.21,-0.22,-2.73,-2.73,-2.73
3.46,-9.20,-0.13,-3.29,-3.43,-3.43
3.53,-9.18,-0.13,-4.20,-4.27,-4.27
3.57,-9.19,-0.19,-5.88,-5.88,-5.88
3.63,-9.13,-0.20,-6.02,-6.02,-6.02
3.80,-9.27,-0.19,-5.81,-5.53,-5.53
3.86,-9.26,-0.18,-5.32,-5.32,-5.32
3.82,-9.09,-0.21,-5.81,-5.95,-5.95
3.90,-9.17,-0.21,-6.09,-6.09,-6.09
3.94,-9.21,-0.23,-6.02,-6.02,-6.02
3.76,-9.14,-0.22,-5.95,-6.02,-6.02
3.54,-9.21,-0.19,-5.39,-5.39,-5.39
3.66,-9.20,-0.23,-2.45,-2.45,-2.45
3.60,-9.22,-0.22,-2.31,-2.31,-2.31
3.49,-9.24,-0.18,-2.24,-2.24,-2.24
3.60,-9.25,-0.23,-1.96,-1.96,-1.89
3.72,-9.17,-0.23,-2.03,-2.03,-2.03
3.77,-9.18,-0.23,-1.96,-1.96,-1.89
3.87,-9.11,-0.25,-1.26,-1.26,-1.12
3.83,-9.07,-0.24,-0.70,-0.70,-0.70
3.84,-9.08,-0.19,-0.21,-0.21,-0.21
3.85,-9.07,-0.18,0.07,0.21,0.21
3.82,-9.07,-0.19,0.35,0.35,0.35
3.75,-9.04,-0.22,0.28,0.28,0.28
3.54,-9.15,-0.28,-0.07,-0.07,-0.07
3.41,-9.19,-0.26,-0.14,-0.14,-0.14
3.43,-9.32,-0.23,-0.07,0.14,0.14
3.58,-9.21,-0.23,0.00,0.00,0.00
3.77,-9.17,-0.28,-0.07,-0.07,0.00
3.90,-9.14,-0.29,0.21,0.21,0.28
3.97,-9.11,-0.27,0.14,0.14,0.14
3.97,-9.07,-0.25,0.28,0.28,0.28
3.97,-9.07,-0.24,0.56,0.56,0.56
3.91,-9.05,-0.24,0.56,0.56,0.56
3.84,-9.06,-0.23,0.56,0.56,0.56
3.84,-9.11,-0.27,0.77,0.63,0.63
3.81,-9.05,-0.23,0.56,0.56,0.56
3.77,-9.05,-0.23,-0.14,-0.14,-0.14
3.76,-9.09,-0.20,-0.35,-0.35,-0.35
3.78,-9.16,-0.23,-0.35,-0.35,-0.42
3.80,-9.15,-0.22,-0.35,-0.35,-0.35
3.86,-9.17,-0.25,-0.35,-0.35,-0.35
3.88,-9.16,-0.26,-0.49,-0.49,-0.49
3.92,-9.15,-0.23,-0.56,-0.49,-0.49
3.92,-9.10,-0.21,-0.49,-0.49,-0.56
3.88,-9.09,-0.21,-0.63,-0.63,-0.63
3.90,-9.03,-0.23,-1.05,-1.05,-1.05
3.91,-9.09,-0.22,-1.05,-1.05,-1.05
3.91,-9.08,-0.25,-0.98,-0.98,-0.98
3.86,-9.02,-0.25,-1.33,-1.33,-1.33
3.84,-9.15,-0.26,-1.54,-1.54,-1.40
3.78,-9.22,-0.24,-1.26,-1.26,-1.26
3.68,-9.20,-0.26,-1.19,-1.19,-1.19
3.57,-9.21,-0.24,-1.19,-1.05,-1.05
4.01,-9.16,-0.30,-0.42,-0.42,-0.42
4.06,-9.20,-0.32,-0.21,-0.21,-0.21
3.95,-9.16,-0.33,0.21,0.21,0.07
3.79,-9.12,-0.29,0.21,0.28,0.21
3.58,-9.20,-0.27,0.56,0.56,0.56
3.55,-9.19,-0.24,0.91,0.91,0.91
3.38,-9.15,-0.21,1.54,1.54,1.54
3.53,-9.13,-0.21,1.61,1.54,1.54
3.91,-8.99,-0.22,1.54,1.47,1.47
4.31,-9.00,-0.31,1.19,1.19,1.19
4.49,-9.22,-0.28,0.91,0.91,0.91
4.37,-9.27,-0.25,0.84,0.84,0.84
4.02,-9.10,-0.25,0.91,0.91,0.91
3.88,-8.89,-0.22,0.35,0.35,0.35
3.84,-8.89,-0.19,0.14,0.14,0.14
3.83,-9.24,-0.18,0.42,0.42,0.42
3.38,-9.25,-0.22,1.40,1.47,1.47
3.27,-9.03,-0.24,1.61,1.61,1.75
3.31,-9.10,-0.23,2.03,2.03,1.96
3.53,-9.26,-0.22,2.17,2.17,2.31
3.63,-9.52,-0.17,2.52,2.52,2.73
3.44,-9.33,-0.19,2.45,2.45,2.31
3.28,-9.13,-0.22,0.98,0.98,0.98
3.25,-9.15,-0.18,0.42,0.42,0.28
3.44,-9.13,-0.22,0.14,0.28,0.28
3.52,-9.28,-0.29,1.61,1.61,1.89
3.46,-9.31,-0.31,2.87,3.01,3.01
3.08,-9.41,-0.27,4.41,4.48,4.48
2.93,-9.30,-0.10,4.34,4.34,4.27
3.11,-9.34,-0.08,3.43,3.43,3.43
3.62,-9.15,-0.14,1.96,1.96,1.96
3.81,-9.06,-0.17,1.12,1.12,1.12
3.95,-9.11,-0.20,0.28,0.28,0.28
3.68,-9.15,-0.19,-0.21,-0.21,-0.21
3.52,-9.17,-0.19,-0.28,-0.28,-0.28
3.33,-9.21,-0.20,-0.98,-0.91,-0.91
3.32,-9.31,-0.19,-1.05,-1.05,-1.12
3.39,-9.35,-0.13,-0.84,-0.84,-0.84
3.48,-9.17,-0.18,-1.26,-1.33,-1.33
3.65,-9.40,-0.18,-0.77,-0.77,-0.77
3.53,-9.21,-0.14,-0.84,-0.91,-0.91
3.58,-9.19,-0.11,-1.26,-1.26,-1.26
3.64,-9.21,-0.10,-1.47,-1.33,-1.33
3.68,-9.21,-0.19,-1.61,-1.61,-1.68
3.64,-9.24,-0.20,-1.96,-1.96,-1.96
3.63,-9.21,-0.22,-2.45,-2.45,-2.45
3.57,-9.22,-0.19,-2.52,-2.52,-2.52
3.57,-9.19,-0.20,-2.59,-2.59,-2.59
3.65,-9.22,-0.23,-2.59,-2.52,-2.52
3.66,-9.21,-0.29,-2.45,-2.59,-2.59
3.63,-9.23,-0.33,-2.24,-2.24,-2.24
3.60,-9.20,-0.33,-0.98,-0.98,-0.98
3.57,-9.17,-0.36,-0.70,-0.70,-0.70
3.56,-9.20,-0.38,-0.63,-0.56,-0.49
3.56,-9.18,-0.37,-0.28,-0.21,-0.21
3.55,-9.16,-0.34,0.35,0.35,0.42
3.60,-9.20,-0.34,0.35,0.63,0.63
3.67,-9.31,-0.34,1.05,1.19,1.19
3.57,-9.19,-0.33,1.47,1.40,1.40
3.47,-9.17,-0.28,1.19,1.19,1.33
3.52,-9.19,-0.27,1.40,1.40,1.40
3.54,-9.18,-0.26,1.33,1.26,1.40
3.55,-9.22,-0.27,1.47,1.47,1.47
3.58,-9.28,-0.27,1.68,1.82,1.75
3.60,-9.28,-0.25,1.96,1.96,1.96
3.58,-9.25,-0.23,2.10,2.10,2.17
3.54,-9.20,-0.22,2.10,2.17,2.24
3.51,-9.24,-0.19,2.45,2.45,2.45
3.50,-9.26,-0.18,2.73,2.73,2.73
3.46,-9.23,-0.19,2.94,2.94,2.94
3.45,-9.20,-0.18,2.94,3.01,2.87
3.48,-9.21,-0.19,3.01,2.87,3.08
3.53,-9.23,-0.21,3.08,3.08,3.29
3.51,-9.23,-0.19,3.36,3.50,3.50
3.47,-9.23,-0.16,3.57,3.57,3.57
3.45,-9.24,-0.14,3.57,3.57,3.57
3.46,-9.25,-0.15,3.64,3.64,3.64
3.54,-9.24,-0.15,3.78,3.78,3.78
3.58,-9.23,-0.15,3.78,3.78,3.78
3.57,-9.22,-0.14,3.78,3.71,3.71
3.72,-9.26,-0.06,3.22,3.22,3.22
3.74,-9.17,-0.09,3.22,3.22,3.22
3.72,-9.10,-0.04,2.87,2.87,2.87
3.81,-9.21,-0.06,2.52,2.59,2.59
3.80,-9.18,-0.04,2.66,2.59,2.59
3.75,-9.08,-0.02,1.96,1.96,1.96
3.72,-9.11,-0.00,-0.28,-0.28,-0.21
3.67,-9.12,-0.00,-0.70,-0.70,-0.70
3.65,-9.16,-0.02,-1.05,-1.05,-1.05
3.65,-9.14,-0.05,-1.82,-1.89,-1.89
3.67,-9.13,-0.05,-2.03,-2.03,-2.03
3.66,-9.17,-0.08,-2.03,-2.03,-1.89
3.60,-9.21,-0.10,-1.68,-1.68,-1.68
3.58,-9.18,-0.11,-1.61,-1.61,-1.61
3.57,-9.19,-0.11,-1.61,-1.61,-1.61
3.57,-9.22,-0.14,-1.33,-1.12,-1.12
3.57,-9.20,-0.16,-0.84,-0.84,-0.70
3.51,-9.27,-0.18,0.28,0.28,0.28
3.51,-9.25,-0.21,0.70,0.70,0.77
3.51,-9.27,-0.21,1.05,1.26,1.26
3.53,-9.28,-0.22,1.75,1.82,1.82
3.53,-9.27,-0.23,2.52,2.52,2.52
3.55,-9.24,-0.21,3.08,3.01,3.01
3.56,-9.28,-0.22,3.71,3.71,3.71
3.54,-9.28,-0.22,4.34,4.34,4.34
3.54,-9.24,-0.23,4.55,4.55,4.55
3.53,-9.30,-0.24,5.18,5.25,5.25
3.57,-9.28,-0.27,5.88,6.02,6.02
3.76,-9.30,-0.32,8.33,8.33,8.54
3.67,-9.24,-0.30,9.03,9.03,9.03
3.67,-9.17,-0.27,9.24,9.24,9.31
3.70,-9.19,-0.23,10.01,10.01,10.01
3.77,-9.27,-0.21,10.71,10.71,10.71
3.75,-9.23,-0.19,10.99,10.99,10.99
3.75,-9.16,-0.14,10.78,10.85,10.85
3.67,-9.19,-0.11,10.64,10.57,10.57
3.64,-9.23,-0.06,10.57,10.64,10.64
3.52,-9.19,0.00,9.38,9.38,9.38
3.40,-9.27,-0.05,7.49,7.49,7.49
3.33,-9.35,-0.09,5.11,5.04,5.04
3.29,-9.27,-0.10,4.41,4.41,4.41
3.27,-9.21,-0.11,4.20,4.13,4.13
3.25,-9.26,-0.12,3.99,4.06,4.06
3.29,-9.30,-0.17,4.20,4.20,4.48
3.35,-9.28,-0.15,4.83,4.83,4.76
3.32,-9.29,-0.15,5.60,5.60,5.67
3.31,-9.30,-0.11,6.23,6.23,6.30
3.29,-9.32,-0.12,6.72,6.72,6.86
3.24,-9.29,-0.10,7.14,7.14,7.21
3.21,-9.32,-0.03,7.56,7.56,7.56
3.18,-9.24,-0.06,7.77,7.70,7.70
3.15,-9.17,-0.05,7.28,7.21,7.21
3.16,-9.28,0.00,7.35,7.28,7.28
3.20,-9.27,0.03,7.42,7.49,7.49
3.10,-9.11,0.03,7.35,7.14,7.14
3.08,-9.03,0.12,6.09,6.09,6.02
3.20,-9.12,0.11,4.90,4.90,4.90
3.24,-9.13,0.07,4.55,4.55,4.55
3.27,-9.13,0.11,3.85,3.85,3.85
3.25,-9.13,0.09,3.15,3.15,3.15
3.30,-9.18,0.08,2.38,2.31,2.31
3.39,-9.27,0.08,1.61,1.61,1.61
3.40,-9.19,0.05,1.12,1.12,0.91
3.37,-9.30,0.09,0.70,0.70,0.70
3.40,-9.39,0.09,1.05,1.05,1.05
3.45,-9.44,0.05,0.98,0.98,0.98
3.44,-9.44,0.02,0.07,0.07,0.07
3.21,-9.39,0.01,-0.77,-0.70,-0.70
3.22,-9.45,0.03,-0.49,-0.49,-0.49
3.20,-9.53,0.03,-0.42,-0.42,-0.49
3.33,-9.49,0.04,-0.49,-0.35,-0.35
3.29,-9.48,0.02,0.00,0.00,0.00
3.31,-9.49,-0.00,0.07,0.07,0.07
3.26,-9.63,0.03,0.56,0.56,0.56
3.23,-9.64,0.02,0.91,0.91,0.91
3.22,-9.47,0.02,0.28,0.28,0.14
3.02,-9.37,0.00,-0.21,-0.21,-0.07
3.01,-9.34,-0.04,-0.35,-0.35,-0.49
3.06,-9.37,-0.00,-0.14,-0.14,-0.14
3.04,-9.32,-0.02,0.77,0.77,0.77
2.93,-9.21,-0.01,1.26,1.26,1.26
2.94,-9.25,-0.00,1.68,1.68,1.68
3.00,-9.38,0.01,2.31,2.45,2.45
3.02,-9.44,0.02,3.15,3.15,3.15
2.94,-9.47,0.01,3.50,3.57,3.64
2.83,-9.49,0.05,3.85,3.85,3.92
2.62,-9.55,0.13,2.24,2.24,2.24
3.01,-9.70,0.02,0.42,0.42,0.42
3.19,-9.73,0.10,-0.21,-0.21,-0.28
3.34,-9.71,0.10,-0.63,-0.63,-0.63
3.32,-9.51,0.07,-1.33,-1.47,-1.47
3.22,-9.04,0.04,-3.99,-3.99,-3.99
3.33,-8.97,0.02,-5.11,-5.11,-5.11
3.40,-8.97,0.00,-5.95,-6.02,-6.02
3.44,-8.91,-0.04,-6.16,-6.16,-6.16
3.47,-8.93,-0.01,-5.81,-5.81,-5.81
3.55,-8.97,-0.01,-5.46,-5.46,-5.46
3.53,-8.97,0.00,-5.46,-5.46,-5.46
3.17,-9.35,-0.02,-4.34,-4.34,-4.27
3.23,-9.51,-0.05,-4.13,-4.13,-4.13
3.28,-9.75,-0.07,-3.71,-3.71,-3.57
2.82,-9.30,-0.09,-2.52,-2.38,-2.38
2.77,-9.23,-0.02,-1.68,-1.68,-1.68
2.82,-9.29,0.03,-0.84,-0.84,-0.49
2.91,-9.41,0.05,0.98,0.98,0.98
2.95,-9.41,0.08,1.54,1.54,1.54
3.01,-9.38,0.06,2.03,2.03,2.03
3.06,-9.39,0.06,2.52,2.52,2.52
3.05,-9.39,0.00,2.73,2.73,2.73
3.02,-9.38,0.00,2.24,2.24,2.24
2.94,-9.44,-0.02,2.03,2.03,2.03
2.91,-9.48,-0.07,1.61,1.61,1.61
2.96,-9.45,-0.12,1.12,1.05,0.98
3.05,-9.31,-0.16,0.56,0.56,0.42
2.89,-9.23,-0.16,-0.28,-0.28,-0.70
2.64,-9.30,-0.13,-1.26,-1.26,-1.26
2.69,-9.26,-0.20,-2.10,-2.10,-2.10
2.71,-9.26,-0.25,-3.01,-3.01,-3.43
3.29,-9.60,-0.34,-7.28,-7.14,-7.14
2.99,-9.75,-0.36,-2.66,-2.66,-2.52
2.54,-9.57,-0.27,-1.82,-1.82,-1.82
2.04,-9.34,-0.11,-2.52,-2.52,-2.52
1.79,-9.46,-0.14,-3.64,-3.92,-3.92
1.76,-9.60,-0.19,-4.69,-4.69,-4.83
1.82,-9.60,-0.25,-5.11,-5.11,-5.11
1.88,-9.50,-0.24,-5.74,-5.74,-5.81
2.24,-9.64,-0.29,-6.93,-6.93,-6.93
2.41,-9.98,-0.41,-5.67,-5.67,-5.67
2.44,-10.01,-0.37,-3.08,-3.08,-2.87
2.04,-9.63,-0.29,-0.84,-0.84,-0.63
1.94,-9.44,-0.13,1.33,1.40,1.40
1.99,-9.30,-0.15,1.47,1.47,1.54
1.95,-9.25,-0.16,1.12,1.12,0.98
2.77,-10.18,-0.19,-1.96,-1.96,-1.96
3.07,-10.03,-0.09,-2.31,-2.59,-2.59
2.74,-9.69,0.02,-3.22,-3.36,-3.57
2.07,-9.28,0.09,-4.76,-5.04,-5.04
2.22,-9.58,-0.10,-10.64,-10.64,-10.64
1.81,-9.81,-0.48,-10.64,-10.64,-10.64
1.73,-9.54,-0.60,-5.11,-4.76,-4.76
1.89,-9.79,-0.57,-0.21,-0.21,-0.14
2.80,-10.00,-0.36,2.38,2.38,2.38
2.05,-9.30,-0.26,2.45,2.45,2.45
2.23,-9.39,-0.32,1.82,1.82,1.61
2.29,-9.51,-0.42,0.63,0.63,0.63
2.17,-9.58,-0.44,0.00,0.00,0.00
1.71,-9.67,-0.45,-0.77,-0.91,-0.91
1.61,-9.62,-0.50,-0.21,-0.07,-0.07
1.71,-9.57,-0.53,0.49,0.70,0.98
1.81,-9.58,-0.59,4.27,4.27,4.27
2.00,-9.67,-0.59,5.74,5.74,5.74
2.47,-10.24,-0.54,7.00,7.00,7.00
2.94,-10.32,-0.41,8.47,8.68,8.82
2.37,-9.24,-0.08,8.19,8.12,8.12
2.28,-9.25,-0.08,7.35,7.35,7.35
2.26,-9.41,-0.12,6.16,6.16,6.16
2.19,-9.54,-0.11,5.39,5.39,5.39
2.05,-9.46,-0.17,4.20,3.57,3.57
1.82,-9.45,-0.22,2.31,2.31,1.75
1.63,-9.60,-0.22,0.35,0.35,0.35
1.55,-9.57,-0.24,-0.91,-0.91,-0.91
1.67,-9.72,-0.36,-2.31,-2.17,-2.17
1.82,-9.74,-0.45,-0.49,-0.49,-0.42
1.96,-9.77,-0.47,0.98,0.98,1.33
2.06,-9.76,-0.45,2.52,3.29,3.50
2.08,-9.64,-0.38,4.55,4.55,5.25
2.51,-9.89,-0.21,7.07,7.07,7.07
2.86,-9.77,-0.09,5.39,5.39,5.39
2.65,-9.56,0.04,3.50,3.43,3.43
2.26,-9.38,0.07,0.77,0.77,0.28
2.23,-9.45,0.01,-0.70,-0.70,-0.70
2.15,-9.44,-0.05,-2.17,-2.38,-2.38
2.09,-9.60,-0.11,-3.15,-3.15,-3.15
1.98,-9.71,-0.21,-3.50,-3.50,-3.50
1.93,-9.72,-0.23,-3.64,-3.57,-3.57
1.93,-9.73,-0.24,-3.36,-3.36,-3.29
1.97,-9.72,-0.26,-2.73,-2.59,-2.45
2.03,-9.68,-0.28,-1.61,-1.47,-1.47
2.04,-9.60,-0.28,-0.49,-0.49,-0.21
2.08,-9.54,-0.28,0.00,0.00,0.00
2.12,-9.48,-0.24,0.42,0.42,0.56
2.17,-9.52,-0.22,0.98,0.98,0.91
2.30,-9.65,-0.19,0.91,0.91,0.98
2.91,-9.82,-0.08,-0.42,-0.42,-0.42
2.70,-9.47,-0.03,-1.26,-1.26,-1.26
2.45,-9.35,-0.02,-2.38,-2.59,-2.59
2.34,-9.31,-0.07,-3.43,-3.43,-3.43
2.17,-9.42,-0.22,-5.46,-5.46,-5.46
2.04,-9.48,-0.25,-6.02,-6.02,-6.02
1.91,-9.56,-0.29,-6.72,-6.86,-6.86
1.83,-9.61,-0.38,-7.28,-7.35,-7.35
1.81,-9.70,-0.44,-7.42,-7.42,-7.49
1.81,-9.74,-0.48,-7.28,-7.28,-7.14
1.84,-9.69,-0.51,-6.23,-6.23,-6.23
1.81,-9.66,-0.56,-5.60,-5.60,-5.60
1.87,-9.69,-0.54,-4.06,-4.06,-4.06
1.93,-9.75,-0.53,-2.45,-2.45,-2.45
1.97,-9.67,-0.51,-0.63,-0.14,-0.14
2.04,-9.58,-0.54,0.91,0.91,0.91
2.28,-9.84,-0.47,2.66,2.66,2.66
2.94,-9.84,-0.25,3.99,3.99,3.92
2.82,-9.54,-0.14,3.85,3.85,3.85
2.55,-9.32,-0.15,2.87,2.87,2.87
2.39,-9.29,-0.17,1.96,1.89,1.89
2.14,-9.41,-0.28,-1.54,-1.54,-2.03
2.01,-9.43,-0.31,-2.73,-2.73,-2.87
1.89,-9.52,-0.36,-3.92,-3.92,-3.92
1.78,-9.64,-0.38,-4.20,-4.20,-4.20
1.72,-9.74,-0.44,-4.06,-4.06,-4.06
1.73,-9.69,-0.48,-3.99,-3.85,-3.85
1.73,-9.73,-0.50,-3.71,-3.50,-3.22
1.79,-9.79,-0.54,-2.03,-1.89,-1.89
1.87,-9.74,-0.55,0.14,0.14,0.35
1.95,-9.70,-0.53,1.75,1.75,2.45
2.07,-9.62,-0.50,3.57,3.57,3.71
2.15,-9.56,-0.44,5.25,5.25,5.25
2.27,-9.58,-0.41,6.09,6.09,6.09
2.50,-9.80,-0.39,6.51,6.51,6.51
2.75,-9.98,-0.30,7.14,7.07,7.07
2.93,-9.93,-0.24,7.28,7.28,7.21
2.85,-9.66,-0.17,7.07,7.07,6.93
2.60,-9.42,-0.12,6.23,6.23,6.16
2.26,-9.39,-0.13,3.01,3.01,3.01
2.16,-9.47,-0.15,1.89,1.89,1.89
2.09,-9.63,-0.15,0.84,0.84,0.84
1.93,-9.57,-0.19,-0.21,-0.21,-0.28
1.91,-9.61,-0.30,-2.94,-3.01,-3.01
1.96,-9.60,-0.33,-2.80,-2.80,-2.80
2.05,-9.59,-0.34,-2.45,-2.24,-2.24
2.16,-9.60,-0.36,-1.54,-1.54,-1.33
2.27,-9.59,-0.35,-0.28,-0.28,-0.28
2.34,-9.63,-0.33,0.42,0.63,0.63
2.46,-9.67,-0.35,1.19,1.26,1.26
2.67,-9.82,-0.35,1.61,1.61,1.75
2.81,-9.90,-0.29,2.24,2.24,2.31
2.74,-9.77,-0.20,2.66,2.66,2.66
2.55,-9.58,-0.15,2.59,2.59,2.66
2.09,-9.50,-0.17,1.89,1.89,1.89
2.00,-9.54,-0.17,1.75,1.75,1.75
1.95,-9.53,-0.19,1.05,0.77,0.77
1.82,-9.51,-0.19,0.14,0.14,-0.21
1.72,-9.54,-0.22,-0.70,-0.70,-0.70
1.62,-9.61,-0.25,-0.91,-0.91,-0.91
1.65,-9.59,-0.28,-0.98,-0.98,-0.98
1.73,-9.60,-0.30,-0.91,-0.91,-0.91
1.83,-9.64,-0.32,-0.77,-0.77,-0.77
2.00,-9.71,-0.33,-0.21,-0.21,-0.21
2.23,-9.82,-0.36,0.42,0.70,0.70
2.45,-9.89,-0.33,1.26,1.33,1.61
2.64,-9.90,-0.26,2.45,2.66,2.66
2.68,-9.79,-0.22,3.50,3.50,3.50
2.58,-9.57,-0.20,3.78,3.85,3.85
2.41,-9.60,-0.11,4.41,4.48,4.48
2.34,-9.56,-0.08,4.83,4.83,4.83
2.20,-9.48,-0.03,4.55,4.55,4.55
2.12,-9.48,-0.03,3.29,3.29,3.22
2.01,-9.53,-0.03,2.45,2.24,2.10
1.84,-9.52,-0.07,1.61,1.54,1.54
1.70,-9.53,-0.13,0.70,0.63,0.63
1.67,-9.55,-0.16,-0.35,-0.35,-0.49
1.72,-9.60,-0.17,-0.98,-0.98,-1.05
1.86,-9.62,-0.19,-1.33,-1.33,-1.33
2.02,-9.70,-0.23,-1.19,-1.19,-1.19
2.17,-9.82,-0.22,-0.77,-0.63,-0.63
2.37,-9.93,-0.24,0.35,0.70,0.84
2.57,-9.89,-0.18,1.47,1.47,1.75
2.63,-9.71,-0.11,2.17,2.17,2.17
2.58,-9.55,-0.04,2.52,2.52,2.52
2.57,-9.41,-0.03,2.80,2.66,2.66
2.54,-9.44,-0.05,2.73,2.73,2.66
2.02,-9.56,-0.05,0.77,0.77,0.77
1.80,-9.49,-0.04,-0.21,-0.21,-0.21
1.67,-9.52,-0.05,-1.61,-1.61,-1.61
1.67,-9.55,-0.11,-2.31,-2.45,-2.45
1.70,-9.57,-0.18,-3.22,-3.22,-3.22
1.79,-9.60,-0.22,-3.43,-3.29,-3.29
1.89,-9.66,-0.20,-3.15,-2.94,-2.94
2.80,-9.96,-0.17,0.28,0.28,0.28
3.02,-9.56,-0.12,1.40,1.40,1.47
2.68,-9.54,-0.06,3.22,3.22,3.22
2.29,-9.38,-0.02,2.66,2.66,2.66
2.19,-9.41,-0.02,1.82,1.61,1.47
1.93,-9.56,-0.15,-0.56,-0.56,-0.56
2.04,-9.70,-0.24,-2.66,-2.80,-2.87
2.14,-9.71,-0.27,-3.01,-3.01,-3.08
2.33,-9.69,-0.27,-2.94,-2.94,-2.87
2.46,-9.71,-0.27,-2.45,-2.45,-1.96
2.56,-9.64,-0.26,-0.63,-0.63,-0.63
2.49,-9.58,-0.24,0.21,0.21,0.21
2.56,-9.52,-0.16,0.63,0.63,0.84
2.59,-9.51,-0.16,1.47,1.47,1.47
2.60,-9.51,-0.18,1.54,1.54,1.54
2.52,-9.58,-0.19,1.75,1.75,1.68
2.34,-9.58,-0.19,1.54,1.54,1.26
2.24,-9.54,-0.17,0.91,0.91,0.91
2.14,-9.59,-0.16,-1.05,-1.05,-1.12
2.16,-9.58,-0.20,-2.03,-2.03,-2.10
2.16,-9.60,-0.22,-2.45,-2.59,-2.59
2.17,-9.59,-0.28,-2.31,-2.38,-2.38
2.23,-9.58,-0.27,-2.03,-2.03,-1.96
2.30,-9.65,-0.29,-1.61,-1.40,-1.26
2.37,-9.60,-0.28,-0.84,-0.84,-0.84
2.44,-9.65,-0.28,0.56,0.56,0.56
2.26,-9.60,-0.25,-0.42,-0.42,-0.42
2.24,-9.61,-0.26,-0.56,-0.56,-0.56
2.32,-9.60,-0.26,-1.05,-0.98,-0.98
2.28,-9.59,-0.25,-0.91,-0.91,-0.91
2.24,-9.62,-0.27,-0.63,-0.63,-0.63
2.28,-9.57,-0.27,-0.42,-0.42,-0.56
2.29,-9.55,-0.26,-0.77,-0.77,-0.77
2.32,-9.57,-0.28,-0.70,-0.70,-0.70
2.29,-9.60,-0.30,-0.28,-0.28,-0.28
2.26,-9.63,-0.32,0.07,0.21,0.21
2.19,-9.62,-0.27,0.42,0.42,0.42
2.14,-9.66,-0.28,0.77,0.77,0.77
2.12,-9.67,-0.28,0.98,0.98,0.98
2.17,-9.64,-0.30,1.96,1.96,2.03
2.17,-9.65,-0.29,2.24,2.24,2.24
2.20,-9.61,-0.27,2.38,2.45,2.45
2.23,-9.60,-0.25,2.66,2.66,2.73
2.34,-9.61,-0.25,3.57,3.43,3.43
2.38,-9.67,-0.22,4.20,4.20,4.34
2.34,-9.57,-0.21,4.48,4.48,4.34
2.23,-9.54,-0.17,4.06,4.06,4.06
2.27,-9.55,-0.16,3.36,3.36,3.36
2.31,-9.61,-0.19,2.94,2.94,2.94
2.28,-9.60,-0.23,2.73,2.59,2.59
2.23,-9.62,-0.19,2.59,2.59,2.59
2.23,-9.61,-0.18,2.52,2.52,2.45
2.26,-9.58,-0.20,2.31,2.31,2.38
2.24,-9.59,-0.24,2.31,2.31,2.31
2.27,-9.63,-0.27,2.45,2.45,2.45
2.33,-9.65,-0.24,2.80,2.80,2.80
2.32,-9.62,-0.25,2.66,2.66,2.73
2.32,-9.60,-0.25,2.80,2.66,2.66
2.33,-9.60,-0.25,3.08,3.08,3.15
2.29,-9.59,-0.26,3.29,3.43,3.43
2.32,-9.60,-0.25,3.71,3.78,3.71
2.35,-9.58,-0.22,3.92,3.92,3.92
2.37,-9.57,-0.23,4.06,4.06,4.06
2.41,-9.59,-0.22,4.13,4.13,4.13
2.41,-9.61,-0.22,4.34,4.41,4.41
2.43,-9.62,-0.21,4.55,4.55,4.55
2.41,-9.59,-0.18,4.13,4.13,4.13
2.36,-9.60,-0.15,3.78,3.71,3.71
2.35,-9.54,-0.15,3.57,3.57,3.43
2.34,-9.50,-0.12,3.08,3.08,3.08
2.39,-9.52,-0.14,2.66,2.66,2.66
2.48,-9.51,-0.14,2.31,2.31,2.24
2.53,-9.57,-0.19,1.75,1.75,1.75
2.62,-9.69,-0.17,1.61,1.75,1.75
2.62,-9.60,-0.15,1.75,1.75,1.75
2.57,-9.56,-0.13,1.26,1.26,1.05
2.56,-9.56,-0.13,0.70,0.70,0.70
2.53,-9.55,-0.13,0.14,0.07,0.07
2.40,-9.58,-0.13,-0.07,-0.07,-0.07
2.31,-9.60,-0.15,0.00,0.00,0.00
2.24,-9.59,-0.15,-0.35,-0.42,-0.42
2.19,-9.56,-0.16,-0.84,-0.84,-0.84
2.22,-9.60,-0.16,-1.12,-1.12,-1.12
2.21,-9.60,-0.19,-1.19,-1.19,-1.19
2.18,-9.68,-0.19,-1.26,-1.40,-1.40
2.19,-9.68,-0.22,-1.19,-1.19,-1.19
2.26,-9.71,-0.21,-1.19,-1.26,-1.33
2.27,-9.71,-0.20,-1.19,-1.19,-1.19
2.29,-9.71,-0.15,-0.77,-0.77,-0.77
2.29,-9.65,-0.16,-0.28,-0.21,-0.21
2.26,-9.60,-0.16,0.21,0.35,0.35
2.26,-9.62,-0.13,0.56,0.49,0.49
2.25,-9.61,-0.12,0.63,0.49,0.49
2.24,-9.60,-0.11,0.84,0.84,0.70
2.17,-9.59,-0.11,0.63,0.63,0.70
2.09,-9.59,-0.11,0.35,0.35,0.35
2.02,-9.60,-0.08,-0.07,-0.21,-0.21
1.98,-9.60,-0.07,-0.63,-0.63,-0.84
1.92,-9.63,-0.09,-1.40,-1.40,-1.33
1.93,-9.66,-0.10,-1.68,-1.68,-1.82
1.98,-9.66,-0.08,-1.96,-1.96,-1.96
2.01,-9.69,-0.10,-2.24,-2.17,-2.17
2.06,-9.71,-0.08,-2.31,-2.38,-2.24
2.11,-9.67,-0.08,-1.54,-1.54,-1.54
2.05,-9.61,-0.07,-2.03,-2.03,-2.03
2.04,-9.62,-0.02,-2.52,-2.52,-2.52
1.99,-9.61,-0.02,-2.73,-2.73,-2.80
1.98,-9.62,-0.03,-2.94,-2.94,-2.94
1.96,-9.66,-0.10,-3.22,-3.22,-3.22
1.94,-9.68,-0.10,-3.36,-3.29,-3.29
1.90,-9.69,-0.11,-3.15,-3.15,-3.15
1.91,-9.70,-0.10,-2.73,-2.73,-2.73
1.80,-9.68,-0.13,-2.59,-2.59,-2.59
1.82,-9.68,-0.13,-2.38,-2.38,-2.24
1.83,-9.69,-0.13,-2.03,-1.96,-1.96
1.89,-9.70,-0.17,-0.98,-0.98,-0.98
1.90,-9.69,-0.17,-0.49,-0.42,-0.42
1.92,-9.69,-0.17,-0.14,-0.14,-0.14
1.95,-9.66,-0.18,0.00,0.00,0.00
1.98,-9.66,-0.19,0.14,0.14,0.14
2.01,-9.67,-0.18,0.28,0.35,0.35
1.98,-9.66,-0.18,0.49,0.49,0.49
1.97,-9.63,-0.19,0.42,0.42,0.42
2.01,-9.64,-0.17,0.35,0.35,0.35
2.08,-9.67,-0.18,0.35,0.42,0.42
2.01,-9.60,-0.19,0.70,0.77,0.63
2.00,-9.65,-0.18,0.42,0.49,0.49
2.10,-9.81,-0.16,0.91,1.26,1.26
2.06,-9.68,-0.19,1.89,1.89,1.82
1.94,-9.59,-0.14,1.47,1.47,1.47
1.96,-9.64,-0.13,1.33,1.33,1.33
2.04,-9.66,-0.14,1.47,1.47,1.47
2.06,-9.65,-0.17,1.68,1.68,1.68
2.03,-9.64,-0.18,1.82,1.82,1.82
2.03,-9.64,-0.19,1.89,1.96,1.96
2.04,-9.64,-0.18,2.03,1.89,1.89
2.06,-9.66,-0.17,2.24,2.24,2.24
2.05,-9.60,-0.20,2.31,2.45,2.45
2.05,-9.63,-0.18,2.66,2.66,2.66
2.09,-9.68,-0.17,3.08,3.08,3.08
2.09,-9.66,-0.16,3.22,3.15,3.15
2.10,-9.64,-0.17,3.15,3.15,3.15
2.16,-9.65,-0.18,3.36,3.36,3.36
2.17,-9.65,-0.16,3.64,3.64,3.78
2.21,-9.65,-0.15,3.78,3.78,3.78
2.22,-9.63,-0.12,3.92,3.92,3.92
2.23,-9.63,-0.10,3.85,3.85,3.85
2.25,-9.62,-0.06,3.99,3.99,3.99
2.32,-9.60,-0.07,3.99,4.06,4.06
2.33,-9.60,-0.06,3.99,3.92,3.99
2.34,-9.59,-0.05,4.13,4.13,4.13
2.37,-9.59,-0.02,3.64,3.57,3.57
2.37,-9.62,-0.01,3.64,3.64,3.64
2.32,-9.56,-0.01,3.15,3.15,3.08
2.25,-9.62,0.00,2.94,2.87,2.94
2.24,-9.60,0.00,2.80,2.80,2.73
2.25,-9.55,-0.03,2.45,2.45,2.31
2.28,-9.63,-0.01,2.24,2.24,2.24
2.25,-9.70,-0.06,2.73,2.80,2.80
2.15,-9.59,-0.05,2.73,2.52,2.52
2.12,-9.55,-0.02,2.03,1.96,1.75
2.15,-9.59,-0.04,1.61,1.75,1.75
2.19,-9.60,-0.07,1.75,1.75,1.61
2.15,-9.62,-0.10,1.68,1.68,1.75
2.15,-9.61,-0.09,1.68,1.61,1.61
2.12,-9.61,-0.08,1.40,1.47,1.47
2.13,-9.60,-0.08,1.40,1.33,1.33
2.18,-9.60,-0.10,1.33,1.33,1.33
2.22,-9.62,-0.11,1.12,1.12,1.19
2.25,-9.61,-0.13,1.12,1.05,0.98
2.21,-9.60,-0.11,0.77,0.77,0.63
2.22,-9.58,-0.08,0.07,0.07,0.07
2.25,-9.58,-0.14,0.00,0.00,0.00
2.23,-9.57,-0.17,-0.21,-0.21,-0.21
2.26,-9.59,-0.18,-0.49,-0.42,-0.42
2.30,-9.60,-0.17,-0.63,-0.56,-0.63
2.27,-9.62,-0.17,-0.56,-0.56,-0.56
2.23,-9.60,-0.22,-0.77,-0.77,-0.77
2.25,-9.62,-0.23,-0.35,-0.35,-0.35
2.24,-9.62,-0.24,-0.28,-0.28,-0.28
2.23,-9.58,-0.23,-0.07,-0.07,-0.07
2.24,-9.59,-0.27,0.56,0.56,0.56
2.30,-9.56,-0.31,0.42,0.42,0.42
2.35,-9.74,-0.29,1.12,1.12,1.19
2.33,-9.69,-0.30,1.96,1.96,2.03
2.17,-9.60,-0.30,2.80,2.80,2.80
2.12,-9.65,-0.29,3.57,3.64,3.64
2.11,-9.63,-0.31,4.27,4.27,4.27
2.03,-9.69,-0.32,5.04,5.18,5.18
2.01,-9.70,-0.30,5.67,5.88,5.88
2.03,-9.64,-0.28,6.09,5.95,5.95
2.03,-9.69,-0.33,6.02,6.02,6.16
2.12,-9.63,-0.32,6.09,6.09,6.09
2.20,-9.63,-0.33,6.23,6.23,6.23
2.22,-9.62,-0.31,6.23,6.02,6.02
2.26,-9.57,-0.31,5.74,5.81,5.81
2.30,-9.60,-0.28,5.25,5.25,5.25
2.32,-9.61,-0.29,5.18,5.18,5.11
2.39,-9.61,-0.30,5.04,5.04,5.04
2.39,-9.60,-0.28,5.11,5.11,5.04
2.34,-9.57,-0.28,4.97,4.97,4.97
2.37,-9.59,-0.28,5.04,4.83,4.83
2.34,-9.61,-0.24,4.76,4.76,4.76
2.36,-9.61,-0.25,4.69,4.69,4.69
2.40,-9.61,-0.25,4.69,4.69,4.69
2.40,-9.65,-0.27,4.83,4.83,4.83
2.36,-9.63,-0.25,4.90,4.90,4.97
2.38,-9.59,-0.23,4.76,4.76,4.76
2.35,-9.59,-0.20,3.92,3.71,3.71
2.39,-9.59,-0.18,3.36,3.36,3.22
2.45,-9.61,-0.19,3.22,3.22,3.22
2.43,-9.52,-0.21,3.01,3.01,3.01
2.49,-9.52,-0.18,2.17,2.17,2.17
2.57,-9.65,-0.18,1.82,1.89,1.89
2.68,-9.57,-0.16,2.10,1.89,1.89
2.68,-9.39,-0.13,0.56,0.56,0.42
2.66,-9.31,-0.12,-0.42,-0.84,-0.91
2.71,-9.29,-0.08,-2.03,-2.03,-2.10
2.80,-9.38,-0.11,-2.38,-2.38,-2.38
2.80,-9.55,-0.15,-2.17,-2.03,-2.03
2.88,-9.44,-0.18,-1.96,-1.96,-1.96
2.96,-9.32,-0.20,-2.73,-2.73,-2.73
2.99,-9.28,-0.17,-3.50,-3.78,-3.78
3.05,-9.28,-0.20,-4.55,-4.55,-4.55
3.11,-9.33,-0.23,-5.04,-5.04,-5.04
3.16,-9.39,-0.24,-5.04,-5.04,-5.04
3.15,-9.34,-0.24,-4.76,-4.76,-4.69
3.10,-9.26,-0.26,-4.76,-4.76,-4.76
3.12,-9.31,-0.23,-5.39,-5.39,-5.39
3.22,-9.41,-0.20,-5.53,-5.46,-5.46
3.43,-9.41,-0.18,-5.46,-5.46,-5.46
3.46,-9.38,-0.17,-5.81,-5.81,-5.81
3.42,-9.29,-0.14,-6.23,-6.37,-6.37
3.46,-9.25,-0.10,-6.86,-6.93,-6.93
3.57,-9.22,-0.05,-7.21,-7.35,-7.35
3.54,-9.24,-0.06,-8.05,-8.26,-8.26
3.57,-9.25,-0.07,-9.17,-9.31,-9.31
3.57,-9.17,-0.09,-10.22,-10.78,-10.78
3.58,-9.18,-0.11,-11.48,-11.48,-11.48
3.58,-9.25,-0.19,-12.11,-12.11,-12.11
3.53,-9.25,-0.21,-12.11,-12.18,-12.25
3.46,-9.20,-0.26,-12.60,-12.67,-12.67
3.45,-9.18,-0.31,-13.23,-13.23,-13.30
3.38,-9.20,-0.29,-13.51,-13.51,-13.51
3.34,-9.25,-0.31,-13.58,-13.58,-13.58
3.30,-9.22,-0.37,-13.65,-13.51,-13.51
3.27,-9.29,-0.38,-13.09,-13.09,-13.09
3.24,-9.39,-0.37,-11.41,-11.41,-11.41
3.13,-9.33,-0.39,-10.85,-10.71,-10.71
3.04,-9.31,-0.37,-10.43,-10.43,-10.43
3.13,-9.26,-0.35,-9.59,-9.59,-9.59
3.18,-9.27,-0.33,-8.54,-8.54,-8.54
3.24,-9.24,-0.34,-7.84,-7.84,-7.70
3.33,-9.43,-0.30,-6.58,-6.58,-6.58
3.46,-9.53,-0.29,-5.88,-5.88,-5.88
3.65,-9.58,-0.27,-5.74,-5.74,-5.74
3.69,-9.27,-0.08,-6.58,-6.51,-6.51
3.55,-9.11,-0.07,-6.93,-7.07,-7.07
3.35,-9.19,-0.14,-9.24,-9.24,-9.24
3.41,-9.28,-0.22,-9.52,-9.45,-9.45
3.24,-9.29,-0.34,-6.16,-6.02,-6.02
3.24,-9.12,-0.27,-6.23,-6.23,-6.23
3.45,-9.33,-0.27,-4.06,-4.06,-4.06
3.46,-9.30,-0.33,-1.89,-1.89,-1.89
3.77,-9.16,-0.31,-0.98,-0.98,-0.98
3.92,-9.32,-0.27,1.68,1.68,1.68
4.19,-9.30,-0.26,3.43,3.92,3.92
4.41,-9.17,-0.25,4.55,4.55,4.55
4.57,-9.01,-0.16,3.92,3.92,3.57
4.74,-8.91,-0.03,2.31,2.17,2.17
4.76,-8.89,0.06,1.05,1.05,0.91
4.61,-8.76,0.02,0.49,0.49,0.49
4.52,-8.60,0.01,0.35,0.35,0.35
4.61,-8.26,-0.03,-0.70,-0.70,-0.70
4.68,-8.23,0.02,-1.68,-1.68,-1.68
4.78,-8.30,0.02,-2.45,-2.59,-2.59
4.81,-8.35,-0.04,-2.73,-2.73,-2.73
5.15,-8.21,-0.30,-4.62,-4.62,-4.62
5.38,-8.10,-0.40,-4.97,-5.04,-5.04
5.60,-8.13,-0.46,-4.76,-4.76,-4.76
5.79,-8.00,-0.42,-4.41,-4.34,-4.34
5.88,-7.94,-0.40,-4.27,-4.06,-4.06
5.90,-8.05,-0.34,-3.15,-3.15,-3.15
5.99,-8.12,-0.32,-1.26,-1.26,-1.05
6.15,-8.04,-0.32,-0.42,-0.63,-0.63
6.26,-8.00,-0.33,-1.19,-1.61,-1.61
6.30,-7.98,-0.28,-2.66,-2.66,-2.66
6.36,-7.95,-0.22,-3.50,-3.50,-3.50
6.39,-7.94,-0.18,-3.92,-4.06,-4.06
6.43,-7.82,-0.14,-3.64,-3.64,-3.64
6.31,-7.70,-0.21,-3.01,-3.01,-2.94
6.23,-7.66,-0.22,-2.87,-2.87,-2.73
6.19,-7.82,-0.23,-2.52,-2.52,-2.31
6.16,-7.97,-0.29,-1.75,-1.47,-1.47
6.20,-8.08,-0.38,-0.63,-0.56,-0.56
6.39,-8.24,-0.40,-1.40,-1.40,-1.40
6.47,-8.61,-0.43,-1.68,-1.68,-1.68
6.55,-9.01,-0.49,-0.91,-0.63,-0.63
6.37,-9.25,-0.51,1.12,1.47,1.47
6.30,-9.25,-0.49,4.34,4.34,4.83
6.27,-9.04,-0.41,6.37,7.14,7.21
6.23,-8.78,-0.31,8.26,8.40,8.40
5.96,-8.48,-0.32,8.26,8.26,7.98
5.37,-8.32,-0.36,7.07,7.07,7.00
4.80,-8.13,-0.36,5.18,5.18,5.18
4.23,-7.92,-0.37,3.64,3.64,3.36
3.84,-7.55,-0.31,1.68,1.68,1.54
3.73,-7.31,-0.24,-1.05,-1.05,-1.05
3.74,-7.16,-0.21,-3.08,-3.08,-3.08
3.71,-7.26,-0.25,-4.27,-4.27,-4.27
3.86,-7.57,-0.31,-3.78,-3.78,-3.78
4.25,-8.34,-0.45,-0.28,-0.28,-0.28
4.50,-9.18,-0.56,5.11,5.11,5.11
5.98,-8.54,-0.82,8.12,7.14,7.14
6.27,-8.54,-0.81,-1.61,-2.52,-2.52
7.40,-9.43,-0.79,-10.50,-10.50,-10.36
7.63,-10.18,-0.89,-7.98,-7.98,-7.49
7.81,-10.44,-0.94,-1.12,-1.12,-1.12
7.75,-10.44,-0.94,4.97,4.97,5.74
7.50,-10.32,-0.87,12.11,12.11,12.11
7.28,-10.22,-0.78,15.61,16.59,16.59
7.05,-10.01,-0.70,17.78,17.71,17.71
6.71,-9.89,-0.59,17.64,17.64,17.43
5.89,-9.67,-0.45,14.84,14.84,14.84
5.72,-9.75,-0.21,16.17,16.17,16.17
5.29,-9.57,0.04,16.31,16.31,16.31
4.81,-9.25,0.17,15.54,15.05,15.05
4.09,-9.69,0.04,19.11,19.11,19.11
3.77,-9.84,0.07,23.52,23.52,24.22
3.38,-9.70,0.23,30.24,30.24,30.24
2.84,-9.49,0.34,32.27,33.11,33.11
1.82,-8.88,0.34,42.21,42.70,42.70
1.31,-8.20,0.53,42.84,42.84,42.49
0.81,-7.51,0.72,38.71,38.71,38.71
0.38,-7.80,0.81,31.85,31.85,31.85
-0.75,-7.74,1.42,27.86,27.86,27.86
-1.20,-7.37,1.63,20.65,17.71,17.71
-1.57,-7.33,1.79,8.75,8.75,5.95
-1.84,-8.07,2.00,-1.61,-1.61,-2.66
-2.26,-8.52,1.96,-8.12,-8.12,-8.12
-2.65,-8.93,1.84,-7.21,-7.21,-7.21
-3.01,-8.92,1.79,-2.17,-2.17,-1.96
-2.99,-8.33,1.85,1.61,1.54,1.54
-3.21,-8.04,1.72,2.24,2.24,2.10
-4.69,-7.38,1.53,0.84,0.56,0.56
-3.95,-7.69,1.29,-1.40,-1.40,-1.40
-3.71,-7.45,1.02,0.42,0.42,0.42
-3.86,-7.10,0.88,3.43,3.43,3.43
-4.60,-6.98,0.82,5.88,5.88,5.88
-5.08,-6.55,0.94,8.40,8.26,8.26
-5.29,-5.53,1.02,3.57,2.80,2.80
-5.45,-4.65,0.99,-3.01,-3.85,-3.85
-5.80,-4.85,0.83,-7.56,-7.56,-7.49
-6.22,-5.07,0.81,-6.37,-5.74,-5.53
-6.88,-4.92,0.80,-3.92,-3.78,-3.78
-6.93,-4.53,0.78,-3.36,-3.36,-3.36
-7.55,-4.10,0.71,-4.48,-4.48,-4.48
-8.01,-3.75,0.61,-7.56,-7.56,-7.56
-8.53,-3.70,0.66,-7.70,-7.35,-7.35
-8.73,-3.12,0.58,-7.84,-8.26,-8.26
-9.35,-2.32,0.69,-9.73,-10.22,-10.22
-10.05,-1.76,0.67,-11.97,-12.60,-13.86
-10.38,-1.09,0.45,-17.36,-17.92,-17.92
-10.55,-0.21,0.38,-25.13,-25.69,-25.69
-11.16,-0.52,0.39,-27.51,-27.51,-27.51
-11.60,-0.21,0.36,-27.16,-26.39,-26.39
-11.33,0.37,0.46,-24.64,-24.64,-24.36
-11.80,0.23,0.58,-23.52,-23.10,-22.96
-11.95,0.21,0.55,-21.07,-20.58,-20.58
-11.98,0.13,0.75,-15.82,-15.82,-15.26
-11.91,-0.04,0.77,-12.32,-11.34,-10.78
-11.71,-0.07,0.74,-8.75,-8.75,-7.84
-11.36,-0.11,0.72,-6.58,-6.58,-6.51
-11.19,-0.08,0.66,-6.93,-6.93,-7.14
-11.15,-0.38,0.62,-7.84,-7.84,-7.91
-10.83,-0.51,0.64,-8.61,-8.61,-8.68
-10.56,-0.87,0.70,-9.10,-9.10,-8.82
-10.55,-1.26,0.78,-7.70,-7.70,-7.70
-10.40,-1.51,0.73,-6.23,-5.74,-5.74
-10.12,-1.54,0.64,-4.76,-4.41,-4.41
-10.14,-2.14,0.65,-2.45,-2.45,-2.24
-9.99,-2.20,0.56,-1.05,-1.05,-1.05
-9.87,-2.23,0.52,-0.77,-0.77,-0.77
-9.38,-2.51,0.46,-0.70,-0.70,-0.70
-9.17,-2.97,0.43,-0.07,0.00,0.00
-9.14,-3.36,0.39,0.84,0.84,1.12
-8.90,-3.88,0.41,3.78,3.78,3.78
-8.39,-4.13,0.38,5.60,5.74,5.74
-7.97,-4.33,0.39,7.21,7.35,7.35
-7.73,-4.57,0.41,8.47,8.47,8.47
-7.38,-5.20,0.44,11.13,11.13,11.76
-7.02,-5.80,0.38,12.67,13.65,13.93
-6.41,-5.89,0.36,15.05,15.05,15.05
-5.95,-6.16,0.43,14.28,14.42,14.42
-5.48,-6.55,0.50,13.79,12.74,12.11
-5.22,-7.03,0.57,9.45,9.45,9.45
-5.01,-7.09,0.47,5.39,5.39,5.39
-4.49,-7.24,0.32,-0.35,-0.91,-0.91
-3.88,-7.71,0.24,-4.55,-5.04,-5.04
-3.35,-7.85,0.25,-8.33,-8.33,-8.33
-3.06,-8.01,0.36,-10.43,-10.29,-10.29
-2.49,-8.21,0.33,-11.90,-11.90,-11.90
-1.96,-8.50,0.32,-13.79,-13.79,-13.79
-1.66,-8.81,0.37,-12.53,-11.62,-10.99
-1.13,-9.02,0.42,-5.74,-5.74,-5.74
-0.36,-9.14,0.39,-0.14,0.42,0.42
0.06,-9.36,0.44,3.71,5.60,5.60
0.15,-9.08,0.54,8.40,8.75,9.59
0.61,-8.90,0.57,12.32,12.74,12.74
1.21,-8.97,0.52,15.61,15.61,15.61
1.56,-8.55,0.45,17.22,17.22,17.22
1.80,-8.15,0.45,16.10,15.47,15.47
2.35,-8.17,0.61,13.58,13.58,13.02
3.25,-8.10,0.66,10.78,10.43,10.43
3.65,-7.79,0.74,6.93,6.93,5.32
4.01,-7.92,0.78,2.87,2.87,2.66
4.34,-8.01,0.77,1.05,1.05,1.05
4.54,-7.44,0.66,-0.42,-0.42,-0.42
5.16,-7.01,0.65,-2.17,-2.59,-2.59
5.80,-6.88,0.68,-4.55,-4.55,-4.90
6.38,-6.83,0.67,-5.81,-5.81,-5.81
6.75,-6.80,0.67,-3.71,-3.71,-3.71
7.04,-6.66,0.60,-1.19,-1.19,-1.19
7.93,-6.79,0.57,0.63,0.63,1.19
8.21,-5.92,0.58,4.83,4.83,4.83
8.77,-5.74,0.61,3.64,3.64,3.64
9.13,-5.59,0.48,1.89,1.54,1.54
9.88,-5.37,0.36,-1.89,-1.89,-1.89
11.03,-5.64,0.27,-8.68,-8.68,-9.31
11.57,-5.75,0.18,-11.27,-11.90,-11.97
12.42,-5.85,0.08,-11.83,-11.48,-11.27
13.28,-6.04,0.01,-10.57,-10.57,-10.29
13.84,-6.23,-0.05,-9.80,-9.80,-9.52
13.92,-6.36,-0.11,-8.61,-8.47,-8.47
13.82,-6.59,-0.25,-5.60,-5.60,-5.11
13.56,-6.73,-0.26,-2.52,-1.26,-0.77
12.85,-6.46,-0.22,2.17,2.94,3.29
12.22,-5.84,-0.07,3.85,3.71,3.71
11.83,-5.42,-0.09,0.84,0.84,0.49
11.14,-5.66,-0.19,-1.26,-1.26,-1.40
10.61,-5.88,-0.20,-2.38,-2.38,-2.38
10.20,-6.13,-0.26,-3.29,-3.57,-3.57
10.05,-6.41,-0.36,-5.74,-5.74,-5.74
9.86,-6.75,-0.42,-6.65,-6.65,-6.65
9.66,-7.12,-0.47,-5.74,-5.04,-5.04
9.27,-7.44,-0.53,-1.61,-1.19,-1.19
8.93,-7.40,-0.64,3.50,3.50,3.85
8.56,-7.52,-0.70,6.09,6.09,6.44
8.04,-7.83,-0.75,11.69,13.72,13.72
7.49,-7.80,-0.85,19.60,19.60,21.42
6.84,-7.78,-0.82,26.32,26.32,28.00
6.06,-7.70,-0.74,33.18,33.18,33.18
5.50,-7.23,-0.61,34.72,34.44,34.44
4.78,-6.84,-0.56,32.06,32.06,32.06
4.53,-6.81,-0.48,28.63,28.63,28.49
3.95,-6.70,-0.46,26.32,24.85,24.15
3.37,-6.44,-0.42,16.45,16.45,16.45
3.10,-6.61,-0.28,5.11,3.99,3.99
2.86,-7.10,-0.16,-2.17,-2.80,-2.80
2.58,-7.62,-0.13,-4.69,-4.69,-4.69
2.37,-7.85,-0.19,-1.89,-1.68,-1.68
2.41,-8.30,-0.21,0.28,1.96,1.96
1.45,-8.65,-0.17,7.42,7.42,8.40
1.23,-8.34,-0.04,14.70,14.70,14.70
0.77,-7.81,0.04,16.03,16.03,16.03
0.08,-7.02,0.12,12.25,12.25,11.55
-0.33,-7.25,0.11,4.27,4.27,4.27
-0.75,-7.70,0.11,1.61,1.61,1.61
-1.43,-8.04,0.11,2.52,2.73,2.73
-2.00,-8.06,0.04,4.27,5.32,5.32
-2.52,-8.23,-0.07,8.54,8.54,8.54
-3.24,-8.43,-0.32,12.88,13.65,13.65
-3.84,-8.57,-0.52,18.27,19.11,19.11
-4.41,-7.98,-0.54,24.08,24.08,24.08
-4.75,-7.12,-0.53,23.45,23.45,23.45
-5.35,-6.47,-0.61,20.51,19.18,19.18
-5.91,-6.08,-0.80,15.40,14.35,14.35
-6.47,-5.66,-0.97,11.48,11.48,10.78
-7.32,-5.55,-0.73,9.38,9.24,9.17
-7.85,-5.40,-0.66,10.43,10.71,10.71
-8.42,-4.87,-0.65,11.41,11.27,11.27
-8.99,-4.02,-0.67,9.52,8.96,7.49
-9.44,-3.69,-0.79,3.29,3.29,2.94
-9.99,-3.81,-0.79,2.73,2.73,2.73
-10.34,-3.61,-0.73,3.85,3.85,3.85
-10.45,-2.95,-0.63,1.75,0.35,0.35
-10.72,-2.29,-0.58,-5.04,-7.00,-7.00
-10.88,-2.37,-0.79,-12.60,-13.09,-13.09
-10.89,-2.46,-0.95,-13.02,-12.74,-12.74
-10.92,-2.65,-0.77,-8.96,-8.96,-8.26
-10.95,-2.38,-0.44,-4.20,-4.20,-4.06
-10.90,-2.38,-0.24,-4.06,-4.06,-4.06
-10.71,-2.79,-0.29,-2.87,-2.24,-2.24
-10.67,-2.90,-0.33,0.42,0.42,0.84
-10.75,-3.05,-0.24,2.10,2.10,2.10
-10.44,-3.17,-0.03,1.54,1.33,1.33
-10.00,-3.57,0.10,0.98,1.12,1.12
-9.66,-3.96,0.06,2.38,2.45,2.45
-9.42,-4.30,0.10,2.31,2.38,2.38
-9.04,-4.78,0.22,1.61,1.61,1.61
-8.47,-5.15,0.36,1.82,1.82,1.75
-7.93,-5.29,0.45,1.19,1.19,1.05
-7.36,-5.77,0.50,0.28,0.14,0.14
-5.91,-7.06,0.49,-1.96,-1.61,-1.61
-5.41,-7.22,0.48,0.49,0.49,0.56
-5.06,-7.16,0.49,-0.35,-0.98,-1.40
-4.56,-7.07,0.52,-4.76,-4.76,-4.76
-4.37,-7.12,0.49,-9.31,-9.66,-9.66
-3.56,-8.04,0.30,-12.39,-12.67,-12.67
-3.22,-8.06,0.22,-15.19,-15.19,-15.33
-2.74,-8.47,0.17,-15.05,-15.05,-14.84
-1.98,-8.53,0.00,-14.49,-14.49,-14.49
-0.55,-8.79,-0.13,-8.82,-8.82,-8.82
0.84,-8.44,-0.34,-1.82,-1.82,-1.82
1.18,-8.38,-0.36,0.56,0.91,0.91
2.13,-8.18,-0.29,5.53,5.46,5.46
2.74,-8.02,-0.07,-2.45,-2.45,-3.08
3.35,-8.12,-0.21,-5.81,-5.81,-6.09
3.77,-8.14,-0.24,-5.88,-5.88,-5.88
4.92,-7.82,-0.16,17.78,0.14,0.14
5.58,-7.62,-0.04,1.61,2.45,2.45
5.88,-7.49,0.03,3.99,4.27,4.97
6.14,-7.08,0.05,6.86,7.07,7.07
6.63,-6.70,0.05,8.89,9.17,9.17
7.06,-6.47,0.10,11.48,11.62,11.62
7.32,-6.01,0.11,12.32,12.39,12.39
7.81,-5.48,0.18,11.97,11.97,11.97
8.04,-5.17,0.24,12.67,12.67,12.67
8.67,-4.94,0.26,12.39,12.39,12.04
8.99,-4.52,0.29,11.62,11.62,11.62
9.17,-3.83,0.35,10.71,10.71,10.71
9.23,-3.18,0.34,7.63,7.63,7.63
9.47,-2.57,0.37,2.73,2.73,2.73
10.43,-2.58,0.41,-1.05,-1.05,-1.47
11.17,-2.66,0.37,-4.13,-4.13,-4.13
11.59,-3.00,0.28,-3.29,-3.22,-3.22
12.25,-3.31,0.27,-1.61,-1.40,-1.40
12.66,-3.02,0.21,0.49,0.49,0.63
13.98,-3.08,0.18,1.54,1.54,1.61
15.05,-3.24,0.33,0.28,0.28,0.00
15.62,-3.69,0.39,-0.98,-1.54,-1.68
15.98,-4.19,0.31,-2.87,-2.87,-3.08
16.27,-6.12,0.06,-3.85,-3.85,-2.94
15.43,-5.41,-0.14,0.84,0.84,0.84
14.49,-4.79,-0.06,6.30,6.30,6.30
13.68,-4.13,0.03,5.88,5.88,5.88
12.80,-3.44,0.04,2.80,2.80,1.75
12.20,-3.15,0.06,-2.38,-2.38,-2.38
11.65,-3.46,-0.04,-8.96,-8.96,-8.96
10.74,-3.87,-0.16,-10.43,-10.43,-10.43
10.02,-4.07,-0.27,-11.06,-11.06,-11.06
9.57,-4.30,-0.24,-11.62,-11.62,-11.76
9.06,-4.69,-0.20,-12.39,-12.18,-12.18
8.36,-5.13,-0.18,-10.50,-10.50,-10.01
7.73,-5.27,-0.28,-8.19,-8.19,-8.19
7.18,-5.33,-0.33,-7.35,-7.35,-7.07
6.89,-5.73,-0.34,-6.23,-6.23,-6.23
6.72,-6.30,-0.31,-2.66,-2.66,-2.66
6.58,-6.85,-0.28,2.73,2.73,2.73
6.10,-7.41,-0.32,6.16,6.16,6.16
5.93,-8.08,-0.28,9.94,10.29,10.29
5.55,-8.64,-0.13,15.82,15.82,15.82
5.18,-8.83,0.00,20.16,20.16,20.16
4.64,-8.58,0.10,23.52,23.59,23.59
3.99,-8.02,0.08,23.38,23.03,23.03
3.31,-7.63,0.06,23.17,23.24,23.38
2.72,-7.14,-0.00,22.75,22.75,22.61
2.20,-7.02,0.00,20.09,20.09,20.09
1.58,-6.46,-0.03,17.15,17.15,17.15
1.10,-6.22,-0.05,10.92,10.08,10.08
0.61,-6.78,0.02,6.65,6.37,6.37
-0.07,-7.25,0.05,6.79,6.79,7.00
-0.55,-7.37,0.03,8.33,8.33,8.47
-1.06,-7.82,0.10,9.17,9.66,9.94
-2.13,-8.26,0.14,11.55,11.76,11.76
-2.61,-8.66,-0.06,13.86,13.86,14.07
-2.96,-8.75,-0.15,15.75,15.75,16.03
-3.23,-8.88,-0.18,18.76,18.76,18.76
-3.56,-8.64,-0.13,20.37,20.37,20.44
-3.68,-8.30,-0.13,18.83,18.83,18.83
-4.22,-8.15,-0.06,18.62,18.62,18.62
-4.58,-7.66,0.05,18.41,18.41,18.41
-4.66,-7.07,0.03,14.77,14.77,14.77
-5.03,-6.75,-0.04,10.36,10.36,10.36
-5.84,-6.66,-0.12,11.55,11.55,11.55
-6.43,-6.11,-0.09,13.51,13.51,13.51
-6.85,-5.42,-0.05,13.16,12.88,12.53
-7.24,-4.32,0.13,8.75,7.28,7.28
-8.21,-3.90,0.08,3.29,3.29,3.29
-8.87,-3.79,-0.02,3.78,4.13,4.13
-9.31,-3.49,0.17,4.97,4.97,4.83
-9.84,-2.95,0.42,3.85,3.01,2.38
-10.16,-2.41,0.65,-0.63,-0.63,-0.63
-10.16,-2.20,0.53,-4.06,-4.20,-4.20
-10.10,-1.96,0.41,-5.25,-5.25,-5.25
-10.29,-1.62,0.32,-4.48,-4.48,-4.48
-10.49,-1.42,0.34,0.00,0.00,0.00
-10.59,-0.98,0.26,3.01,3.01,3.01
-10.55,-0.21,0.15,3.85,3.85,3.85
-10.83,0.25,-0.06,4.76,4.97,4.97
-11.05,0.66,-0.14,6.44,6.44,6.44
-11.28,1.05,-0.11,7.07,7.07,7.07
-11.51,0.93,-0.06,7.00,6.79,6.79
-11.65,0.73,-0.06,5.39,5.39,5.39
-11.48,0.37,-0.07,4.13,4.13,4.13
-11.22,-0.02,-0.02,3.36,3.36,3.36
-10.79,-0.37,0.06,3.08,3.01,3.01
-10.61,-1.16,0.11,4.41,4.41,4.41
-10.17,-1.96,0.06,9.66,9.66,9.66
-9.75,-2.12,0.00,12.39,12.39,12.39
-9.38,-2.49,-0.07,13.09,13.09,12.95
-9.03,-2.85,-0.04,11.76,11.76,11.76
-8.61,-3.30,-0.07,10.08,9.10,9.10
-8.41,-3.94,-0.13,5.04,5.04,4.34
-8.17,-4.41,-0.11,1.82,1.82,1.82
-7.69,-5.11,-0.09,1.19,1.19,1.19
-7.26,-5.70,-0.22,-0.35,-0.35,-0.35
-6.84,-6.07,-0.27,-0.70,-0.70,-0.70
-6.57,-6.34,-0.31,-0.42,-0.42,-0.42
-6.25,-6.62,-0.28,0.07,0.07,0.07
-5.54,-6.91,-0.40,0.91,0.91,0.91
-5.15,-7.14,-0.45,1.96,1.96,1.96
-4.94,-7.31,-0.40,1.47,1.47,1.47
-4.72,-7.44,-0.24,0.35,0.35,0.35
-4.06,-7.66,-0.21,0.21,0.21,0.21
-3.53,-7.86,-0.30,-0.21,-0.21,-0.28
-3.20,-8.15,-0.32,0.14,0.35,0.35
-2.79,-8.09,-0.22,1.68,1.68,1.54
-2.17,-8.00,-0.19,0.70,0.49,0.49
-1.42,-8.30,-0.09,0.42,0.42,0.42
-0.95,-8.60,0.15,1.19,1.19,1.19
-0.49,-8.54,0.22,0.63,0.28,0.28
0.32,-8.61,0.21,-0.70,-0.70,-0.70
0.84,-8.79,0.18,1.05,1.54,1.54
1.42,-8.70,0.22,4.55,4.62,4.62
1.82,-8.83,0.35,6.72,6.72,7.21
2.25,-8.69,0.50,10.50,10.50,10.50
2.53,-8.40,0.40,14.21,14.21,14.21
2.84,-7.93,0.25,15.47,15.68,15.68
3.71,-7.94,0.07,16.80,16.80,16.80
3.99,-7.89,0.02,20.02,20.02,20.02
4.20,-7.79,0.09,23.10,23.10,23.10
4.81,-7.32,0.19,24.92,24.92,24.92
5.54,-7.09,0.30,24.78,24.78,24.78
6.02,-6.89,0.35,24.85,25.20,25.20
6.44,-6.44,0.41,26.46,26.46,26.60
7.43,-6.18,0.50,27.58,27.58,27.58
8.00,-5.84,0.55,29.26,29.26,29.68
8.46,-5.30,0.57,32.83,32.83,33.11
8.86,-4.78,0.63,32.62,32.62,32.62
9.33,-4.37,0.72,29.96,29.96,29.96
10.16,-4.33,0.85,26.81,26.74,26.74
10.42,-3.95,0.88,25.34,25.13,25.13
11.03,-3.66,1.02,21.56,21.56,21.07
12.12,-3.93,1.17,19.04,19.04,18.76
13.60,-4.31,1.23,15.54,15.54,15.26
15.19,-4.95,1.34,13.09,13.09,13.09
15.98,-5.90,1.56,14.28,14.56,14.56
16.27,-6.48,1.67,16.66,16.66,16.66
15.85,-6.56,1.69,19.11,19.39,19.67
15.04,-6.21,1.64,19.88,19.88,19.60
13.72,-5.58,1.57,18.55,18.55,17.43
12.32,-4.63,1.45,13.58,13.58,12.95
11.67,-4.36,1.34,8.47,7.84,7.84
11.30,-4.46,1.21,5.11,4.69,4.69
10.94,-4.58,1.13,2.24,1.54,1.26
10.68,-4.90,1.07,0.21,0.21,-0.14
10.14,-5.36,1.08,0.35,0.35,0.35
9.67,-5.74,1.09,1.82,1.82,1.82
8.92,-5.94,1.10,3.15,3.15,3.15
8.03,-6.00,1.11,6.02,6.02,6.02
7.51,-6.06,1.14,7.35,7.35,7.42
7.13,-6.28,1.29,7.42,7.42,7.42
6.55,-6.14,1.41,7.28,7.28,7.28
6.04,-6.25,1.46,7.21,7.21,7.21
5.47,-6.39,1.50,6.72,6.72,6.72
5.08,-6.59,1.52,5.32,5.32,5.32
4.53,-6.48,1.56,3.43,3.43,3.43
4.29,-6.57,1.67,0.28,0.28,0.00
3.98,-6.73,1.73,-1.89,-1.89,-1.89
3.64,-6.69,1.82,-3.15,-3.15,-3.15
3.24,-6.61,1.88,-5.81,-5.81,-5.81
2.86,-6.82,2.04,-12.11,-12.53,-12.53
2.52,-7.44,2.20,-15.12,-15.12,-15.12
2.23,-7.81,2.35,-16.45,-16.31,-16.31
1.73,-8.22,2.40,-16.10,-16.10,-16.10
1.22,-8.44,2.53,-13.58,-13.23,-13.23
0.81,-8.52,2.64,-12.11,-12.04,-12.04
-0.60,-8.73,2.70,-14.35,-14.42,-14.42
-1.17,-9.05,2.62,-14.63,-14.49,-14.49
-1.72,-8.99,2.47,-15.05,-15.19,-15.19
-2.23,-9.19,2.35,-14.91,-14.91,-14.91
-2.67,-9.37,2.42,-12.53,-11.48,-11.48
-3.31,-8.46,2.35,-10.50,-10.50,-10.50
-3.84,-7.92,2.12,-13.51,-13.51,-13.51
-4.16,-8.09,1.89,-14.77,-14.77,-14.77
-4.74,-8.43,1.84,-13.44,-12.74,-12.74
-4.88,-8.15,1.75,-11.20,-10.85,-10.85
-4.96,-8.03,1.55,-9.66,-9.66,-9.24
-5.24,-8.13,1.44,-7.56,-7.21,-7.21
-5.32,-8.15,1.40,-2.94,-2.94,-2.94
-5.33,-7.71,1.30,-0.21,-0.21,-0.21
-5.36,-7.29,1.05,0.35,0.42,0.42
-5.67,-7.18,1.07,2.10,2.10,2.10
-5.85,-6.88,1.12,6.02,6.30,6.30
-6.29,-6.38,1.11,6.44,6.51,6.51
-6.52,-5.83,1.10,7.00,7.07,7.07
-6.70,-5.32,0.94,9.17,9.17,9.45
-7.13,-4.99,0.81,11.41,12.25,12.88
-7.93,-4.93,0.74,16.87,16.87,17.71
-8.45,-4.51,0.87,23.31,23.31,23.31
-8.83,-3.77,0.80,24.64,24.71,24.71
-9.09,-2.98,0.77,24.22,23.66,23.66
-9.49,-2.27,0.76,20.86,20.86,19.81
-10.06,-2.16,0.71,15.47,15.47,15.47
-10.25,-2.15,0.60,12.39,11.62,11.62
-10.47,-1.95,0.59,9.80,9.38,8.47
-10.80,-2.05,0.83,5.60,5.60,5.32
-10.89,-2.14,0.88,3.22,3.22,2.87
-10.88,-2.06,0.87,0.28,0.28,0.28
-11.01,-1.97,0.93,-2.17,-3.01,-3.01
-10.92,-2.46,0.85,-4.83,-4.76,-4.76
-10.81,-3.20,0.87,-3.43,-3.43,-2.87
-10.33,-3.28,0.91,-1.68,-1.68,-1.68
-9.82,-3.33,0.94,-1.96,-1.96,-1.96
-9.25,-3.69,0.89,-3.99,-3.99,-3.99
-8.55,-3.83,0.82,-6.23,-6.23,-6.23
-8.17,-4.32,0.78,-7.63,-7.98,-7.98
-7.91,-4.82,0.79,-8.68,-8.68,-8.75
-7.52,-5.34,0.89,-8.61,-8.61,-8.61
-7.12,-5.77,0.94,-8.40,-8.40,-8.40
-6.66,-6.48,0.97,-6.65,-6.65,-6.65
-6.32,-6.96,1.01,-3.99,-3.99,-3.99
-5.79,-7.35,0.97,-1.33,-0.98,-0.98
-5.21,-7.49,1.01,0.77,1.12,1.12
-4.71,-7.87,1.12,2.59,2.59,2.59
-4.31,-7.77,1.14,3.78,3.78,3.78
-3.82,-7.45,1.10,3.50,3.36,3.22
-3.18,-7.50,1.09,2.94,2.94,2.87
-2.66,-7.51,1.00,3.50,3.71,3.57
-2.05,-7.46,1.08,2.80,2.80,2.73
-1.73,-7.83,1.25,1.96,2.17,2.17
-1.23,-8.26,1.24,2.94,2.94,3.15
-0.38,-8.52,1.04,4.62,4.62,4.62
0.32,-8.67,1.00,3.78,3.99,3.99
0.98,-8.85,0.94,4.06,4.55,4.55
1.68,-8.90,0.92,7.00,7.00,8.05
2.63,-8.78,0.97,12.11,12.11,12.11
3.12,-8.11,1.03,13.51,13.51,13.51
3.82,-7.66,1.06,12.60,12.60,12.60
4.15,-7.17,1.04,10.22,10.22,10.22
4.33,-6.53,0.94,8.33,7.49,7.49
5.15,-6.07,0.92,4.83,4.83,4.27
5.72,-5.85,0.89,3.01,2.73,2.73
7.30,-5.52,0.95,0.00,0.00,-0.28
6.47,-5.14,0.95,-2.87,-2.87,-3.15
6.92,-4.83,0.88,-6.02,-6.02,-6.51
7.64,-4.57,0.82,-8.68,-9.38,-9.73
8.68,-4.57,0.79,-10.08,-10.08,-9.38
9.61,-4.56,0.77,-5.95,-5.95,-5.32
10.37,-4.48,0.65,-1.40,-1.40,-0.84
10.54,-4.21,0.57,1.61,2.24,2.59
11.37,-4.08,0.60,3.57,3.85,4.13
11.63,-3.80,0.55,5.39,5.53,5.53
11.97,-3.37,0.48,5.88,6.02,6.02
12.39,-3.00,0.52,5.46,5.32,5.32
12.66,-3.20,0.66,5.53,5.74,5.74
12.30,-3.09,0.79,6.09,6.02,6.02
11.81,-2.64,0.95,4.06,2.73,2.73
11.49,-2.25,1.05,-1.40,-3.57,-3.57
11.73,-2.21,1.18,-10.57,-10.57,-12.88
12.74,-2.31,1.08,-20.16,-20.16,-20.16
13.23,-3.26,0.78,-28.77,-28.77,-28.77
15.29,-5.23,0.54,-27.86,-27.86,-27.86
15.29,-5.66,0.51,-22.82,-21.77,-21.77
14.74,-5.46,0.39,-15.40,-15.40,-14.84
13.61,-4.73,0.33,-14.14,-14.14,-14.00
12.50,-3.97,0.19,-17.15,-17.15,-17.64
11.27,-3.65,0.08,-21.42,-21.42,-21.42
10.32,-3.47,-0.05,-29.82,-29.82,-29.82
9.85,-3.74,-0.22,-38.99,-38.99,-38.99
9.64,-4.36,-0.37,-42.77,-42.77,-42.77
9.25,-5.25,-0.56,-42.49,-42.49,-42.49
8.38,-6.17,-1.01,-34.44,-33.81,-33.81
8.14,-6.25,-1.04,-28.63,-28.63,-26.39
7.39,-6.22,-1.07,-20.65,-20.65,-20.65
6.95,-6.16,-1.08,-13.30,-13.30,-13.30
6.91,-6.46,-1.13,-8.40,-8.40,-8.40
6.47,-7.08,-1.23,-1.75,-1.75,-1.75
5.91,-7.60,-1.35,9.17,10.57,10.57
5.45,-7.74,-1.43,21.42,23.03,23.03
5.12,-7.39,-1.55,31.36,32.41,32.41
5.23,-7.08,-1.58,35.63,35.63,35.56
4.63,-6.91,-1.63,35.28,35.28,35.00
4.26,-6.75,-1.76,33.67,33.32,33.32
4.07,-6.97,-1.93,28.56,28.56,28.56
3.89,-7.33,-1.88,24.99,24.92,24.92
3.60,-7.63,-1.79,24.78,24.71,24.71
3.23,-7.98,-1.70,24.43,24.43,24.50
2.90,-8.20,-1.65,24.50,24.50,24.50
2.35,-8.15,-1.55,26.25,26.25,26.39
2.05,-8.14,-1.44,25.90,25.90,25.90
1.77,-8.26,-1.30,24.57,24.57,24.57
1.25,-8.23,-1.17,23.94,23.66,23.66
0.78,-8.17,-1.02,21.63,21.63,20.79
0.38,-8.16,-0.87,18.69,18.69,18.69
0.05,-8.08,-0.73,17.43,17.43,17.43
-0.69,-8.05,-0.66,16.45,16.45,16.45
-1.67,-7.95,-0.50,14.49,14.49,14.49
-2.39,-7.85,-0.43,11.62,11.62,11.62
-3.08,-7.57,-0.45,8.89,7.98,7.98
-5.02,-7.44,-0.35,1.68,1.68,1.05
-5.56,-6.87,-0.68,-0.84,-0.84,-0.84
-6.62,-6.62,-0.94,-2.38,-2.38,-2.38
-7.63,-6.48,-1.01,-2.17,-2.17,-2.17
-7.84,-6.32,-1.33,0.70,0.70,0.70
-8.38,-6.07,-1.63,6.51,6.51,6.51
-9.00,-5.42,-1.80,10.01,10.36,10.36
-9.62,-4.66,-1.79,11.62,11.62,11.62
-9.73,-4.32,-1.74,12.53,12.53,12.53
-9.94,-4.01,-1.77,13.02,13.02,13.02
-10.30,-3.80,-1.84,14.77,15.12,15.12
-10.20,-3.27,-1.72,13.65,13.37,13.37
-9.97,-3.11,-1.70,11.76,11.76,11.76
-10.11,-2.92,-1.62,9.10,9.10,9.10
-10.23,-2.95,-1.57,5.39,4.76,4.76
-10.04,-3.29,-1.48,0.49,-0.21,-0.21
-9.71,-3.69,-1.47,-3.57,-3.92,-4.06
-9.66,-4.01,-1.33,-3.92,-3.92,-3.92
-9.50,-4.32,-1.08,-3.71,-3.71,-3.78
-8.85,-4.70,-0.91,-3.57,-3.57,-3.36
-8.22,-4.94,-0.84,-1.33,-1.33,-1.33
-7.80,-5.15,-0.79,1.05,1.40,1.40
-7.35,-5.44,-0.70,4.55,4.55,4.76
-6.64,-5.64,-0.68,4.76,4.41,4.20
-5.91,-5.98,-0.66,3.08,2.80,2.80
-5.30,-6.75,-0.67,2.38,2.59,2.87
-4.70,-7.60,-0.72,4.20,4.62,4.90
-4.02,-8.18,-0.80,6.09,6.30,6.30
-3.38,-8.45,-0.75,7.49,7.63,7.63
-2.77,-8.35,-0.66,9.03,9.03,9.03
-2.23,-8.04,-0.68,7.98,7.98,7.98
-1.66,-7.87,-0.67,3.50,3.50,3.50
-1.15,-7.75,-0.67,1.26,0.49,0.49
-0.63,-7.93,-0.67,-0.77,-0.77,-0.77
-0.18,-8.32,-0.66,0.56,0.56,0.56
0.27,-8.26,-0.64,2.10,2.31,2.31
0.80,-8.26,-0.70,4.41,4.41,4.48
1.19,-8.33,-0.69,4.55,4.62,4.62
1.68,-8.64,-0.58,6.51,7.00,7.00
2.07,-8.45,-0.47,11.27,11.27,11.62
2.82,-8.29,-0.45,13.23,13.23,13.58
3.08,-8.02,-0.25,15.26,15.26,15.26
3.48,-7.58,-0.19,15.40,15.47,15.47
4.10,-7.37,-0.21,15.19,15.19,15.12
5.88,-7.37,-0.13,18.20,18.20,18.97
6.56,-7.07,0.02,22.40,22.40,22.40
7.12,-6.36,0.34,27.51,27.51,27.51
7.91,-5.83,0.44,28.84,28.84,28.84
8.39,-5.31,0.32,28.28,28.07,28.07
8.79,-4.84,0.14,26.53,26.53,26.46
9.25,-4.38,0.07,25.62,25.62,25.41
10.45,-3.52,-0.01,20.86,20.86,20.93
11.08,-3.27,-0.05,19.81,19.81,19.25
11.37,-3.15,-0.02,18.76,18.76,18.69
11.75,-2.82,-0.01,15.89,15.89,15.89
13.07,-2.18,0.06,2.03,2.03,1.82
13.69,-2.59,0.14,-0.21,-0.21,-0.35
14.17,-3.22,0.18,-0.14,0.56,0.98
14.41,-3.45,0.11,2.80,2.80,3.29
14.61,-3.80,0.21,5.67,5.67,5.95
14.20,-3.88,0.34,9.31,9.31,9.31
13.32,-3.59,0.37,10.78,10.78,10.78
12.54,-3.33,0.38,11.13,11.13,11.34
11.86,-3.22,0.36,12.53,12.53,12.53
11.25,-3.07,0.24,16.10,16.52,16.52
10.94,-2.98,0.20,19.74,20.23,20.23
10.71,-3.14,0.22,23.17,24.99,24.99
10.27,-3.26,0.27,29.12,29.12,29.12
10.08,-3.42,0.35,32.97,32.97,32.97
9.81,-3.81,0.45,34.51,34.51,34.51
9.50,-4.23,0.52,36.33,37.38,37.38
9.26,-4.72,0.56,38.71,39.62,39.62
9.11,-5.18,0.64,41.09,42.00,42.00
8.88,-5.48,0.74,42.98,43.19,43.40
8.63,-5.63,0.83,43.75,43.68,43.68
8.38,-5.63,1.02,42.63,42.63,42.28
7.99,-5.60,1.17,38.29,38.29,38.29
7.80,-5.63,1.26,34.23,33.04,33.04
7.47,-5.74,1.30,29.12,29.12,27.65
7.32,-6.01,1.27,22.47,22.47,22.47
6.98,-6.33,1.34,20.02,20.02,20.02
6.52,-6.46,1.31,20.37,20.37,20.37
6.32,-6.43,1.30,20.79,20.79,20.58
5.90,-6.41,1.36,19.60,19.60,18.55
5.23,-6.27,1.48,16.24,16.24,15.89
4.72,-6.26,1.58,13.58,12.74,12.74
4.31,-6.47,1.73,9.45,9.45,8.26
3.75,-6.86,1.81,5.11,5.11,5.11
3.25,-7.44,1.81,3.15,2.73,2.73
2.78,-7.73,1.88,2.03,2.03,1.89
2.39,-8.68,1.84,2.31,2.31,2.31
1.79,-9.35,1.79,5.95,5.95,6.51
1.38,-9.60,1.83,10.71,11.48,11.48
1.13,-9.66,1.85,16.52,16.52,17.15
1.00,-10.07,1.96,23.24,23.24,23.24
0.78,-10.03,2.02,27.09,27.09,27.09
0.40,-9.46,2.13,28.70,28.70,28.70
-0.11,-9.64,2.39,29.05,29.05,29.05
-0.56,-8.93,2.44,27.09,25.69,25.69
-0.78,-7.97,2.39,19.74,19.74,19.74
-1.25,-7.54,2.29,11.97,11.20,11.20
-1.68,-7.23,2.23,6.79,6.23,6.23
-2.17,-6.92,2.12,2.03,2.03,1.75
-2.61,-6.72,2.13,0.63,0.35,0.35
-3.77,-5.76,2.04,-2.10,-2.10,-2.10
-4.71,-5.63,1.83,1.05,0.91,0.91
-5.68,-5.48,1.77,2.24,2.80,2.80
-6.44,-4.89,1.74,2.24,2.24,2.31
-7.01,-4.16,1.85,2.31,2.24,2.24
-7.82,-3.93,1.76,2.31,2.31,2.45
-8.72,-3.90,1.40,2.94,2.94,3.01
-9.57,-3.58,1.12,4.06,4.06,4.55
-10.19,-3.28,1.14,8.40,9.24,9.24
-10.13,-2.85,1.17,13.16,13.16,13.16
-10.00,-1.29,1.31,13.51,13.51,13.51
-10.21,-0.57,0.97,12.46,12.46,12.46
-10.62,0.00,0.90,11.20,10.92,10.92
-10.57,0.29,0.84,10.29,10.29,10.57
-10.49,0.21,0.74,12.25,13.09,13.72
-9.97,0.95,0.95,14.77,14.77,14.77
-9.20,2.08,1.10,12.95,12.95,12.95
-9.03,2.62,1.08,10.08,10.08,10.08
-9.38,2.74,0.73,9.31,9.31,9.31
-9.64,3.00,0.66,9.80,9.94,9.94
-9.38,3.68,0.58,11.27,11.27,11.34
-9.20,4.73,1.03,10.71,10.71,10.71
-9.31,6.09,1.10,8.05,8.05,8.05
-9.93,6.41,0.69,3.36,3.36,3.36
-10.94,6.18,0.55,4.41,4.41,4.41
-11.49,5.92,0.64,5.95,6.37,6.37
-11.23,6.55,0.78,6.02,6.02,6.02
-11.21,6.89,0.72,4.27,4.27,4.27
-11.29,6.59,0.55,3.64,3.64,3.64
-11.41,6.36,0.46,3.71,3.71,3.71
-11.50,6.36,0.54,3.08,2.94,2.94
-11.09,6.24,0.58,0.77,0.35,0.35
-10.78,5.74,0.48,-2.73,-2.73,-3.22
-9.93,4.80,0.36,-9.73,-10.71,-11.20
-9.51,3.87,0.39,-13.30,-13.30,-14.28
-9.00,3.16,0.36,-16.31,-16.31,-17.78
-8.76,2.51,0.29,-19.67,-19.67,-20.23
-8.77,1.33,0.44,-19.74,-19.74,-19.74
-8.33,0.64,0.38,-19.18,-19.18,-19.18
-8.05,-0.07,0.33,-19.04,-18.69,-18.69
-7.76,-0.82,0.25,-17.71,-17.71,-17.36
-7.91,-1.80,0.08,-16.80,-16.80,-16.80
-7.90,-2.58,0.06,-16.73,-16.73,-16.73
-7.21,-2.99,0.20,-17.22,-17.22,-17.22
-6.52,-3.72,0.17,-18.20,-18.20,-18.20
-5.83,-4.63,0.11,-17.22,-17.22,-17.22
-5.36,-5.61,0.07,-15.89,-15.47,-14.56
-4.64,-6.08,0.06,-11.90,-11.27,-11.27
-4.03,-6.47,0.11,-8.05,-7.84,-7.84
-3.55,-6.80,0.22,-6.44,-6.09,-5.67
-2.71,-7.22,0.30,-4.55,-4.27,-4.27
-1.90,-7.44,0.23,-0.56,-0.21,-0.21
-1.29,-8.18,0.21,4.06,4.62,4.62
-1.00,-8.54,0.31,7.91,7.91,7.91
-0.53,-8.37,0.35,8.96,8.96,8.96
0.20,-8.36,0.45,6.79,6.16,6.16
1.11,-8.78,0.42,3.36,3.36,2.31
3.25,-9.43,0.38,-4.27,-4.27,-4.27
3.60,-9.30,0.48,-3.92,-3.92,-3.99
3.89,-8.80,0.50,-4.69,-4.69,-4.69
4.61,-8.67,0.55,-0.70,-0.70,-0.63
4.97,-7.86,0.46,-1.68,-1.68,-1.68
5.48,-7.68,0.56,-3.01,-3.01,-3.01
5.95,-7.80,0.61,-1.40,-1.40,-0.84
6.09,-7.55,0.68,0.42,0.42,0.42
6.28,-6.63,0.71,-0.98,-0.98,-0.98
6.66,-6.38,0.78,-2.52,-2.52,-2.52
7.37,-6.54,0.74,-3.71,-3.71,-3.71
7.73,-6.42,0.60,-3.29,-3.29,-3.08
8.06,-6.13,0.50,-2.24,-2.24,-2.17
8.55,-5.93,0.37,-1.75,-1.75,-1.75
8.98,-5.83,0.25,0.21,0.21,0.21
9.38,-5.42,0.17,2.73,2.73,2.73
9.67,-4.13,0.11,8.68,8.68,8.68
9.95,-3.64,0.05,6.58,6.51,6.51
9.84,-3.34,-0.04,4.55,4.55,4.55
9.57,-2.90,-0.13,1.96,1.40,1.40
9.45,-2.70,-0.20,-0.42,-0.42,-0.70
9.53,-2.35,-0.20,-3.64,-3.64,-3.64
9.95,-2.19,-0.13,-7.98,-7.98,-7.98
10.48,-2.16,-0.06,-11.69,-11.69,-11.69
11.02,-2.17,0.01,-13.37,-13.37,-13.37
12.04,-2.56,0.05,-13.16,-13.16,-13.16
12.98,-2.91,0.08,-9.59,-9.10,-9.10
13.93,-3.23,0.08,-4.97,-4.27,-4.27
14.51,-3.51,0.11,0.49,1.82,2.52
14.33,-3.52,0.05,6.02,6.02,7.70
13.82,-3.41,0.02,10.64,10.64,11.06
13.02,-3.16,0.06,12.46,12.67,12.67
12.44,-2.71,-0.06,11.83,11.83,11.55
11.79,-2.30,-0.16,9.24,9.24,9.24
11.41,-2.06,-0.33,4.76,4.13,4.13
11.26,-1.96,-0.43,0.70,-1.82,-1.82
11.10,-2.02,-0.53,-6.37,-7.28,-7.28
10.74,-2.46,-0.77,-14.42,-14.91,-14.91
10.19,-2.85,-0.86,-18.55,-19.04,-19.04
9.77,-3.02,-0.89,-21.42,-21.84,-21.84
9.41,-3.61,-0.86,-25.69,-25.83,-25.83
9.20,-4.27,-0.75,-26.95,-26.88,-26.88
8.73,-4.66,-0.76,-25.34,-25.34,-25.34
8.52,-5.28,-1.00,-19.32,-19.32,-19.32
8.35,-5.80,-1.24,-14.77,-13.37,-13.37
8.47,-6.11,-1.50,-10.01,-9.24,-9.24
8.29,-6.52,-1.76,-2.94,-2.94,-2.94
7.81,-6.94,-1.76,2.94,5.04,5.04
7.16,-7.03,-1.72,10.71,11.48,11.48
6.64,-6.78,-1.66,16.24,16.24,16.24
6.08,-6.49,-1.65,17.15,17.01,17.01
5.60,-6.22,-1.78,16.17,16.17,16.17
5.14,-6.22,-1.92,14.91,14.91,14.91
4.83,-6.39,-2.02,14.49,14.49,14.49
4.51,-6.63,-2.05,14.84,15.19,15.19
4.32,-6.96,-1.86,17.71,18.76,18.76
3.95,-7.47,-1.68,23.10,23.10,23.73
3.32,-7.70,-1.65,26.25,26.25,26.25
2.81,-7.89,-1.64,24.92,24.92,24.92
2.13,-8.27,-1.60,22.33,22.33,22.33
1.50,-8.39,-1.51,19.04,18.41,18.41
0.93,-8.40,-1.45,13.86,13.86,13.65
0.19,-8.71,-1.33,13.37,13.72,13.72
-0.83,-8.67,-1.07,17.71,17.71,18.13
-1.32,-7.98,-0.93,20.58,20.58,20.58
-2.01,-7.70,-0.88,20.44,20.44,20.44
-2.63,-7.53,-0.83,19.88,19.60,19.60
-2.90,-7.42,-0.93,18.62,18.62,18.34
-3.08,-7.08,-1.13,18.41,18.41,18.41
-4.35,-6.03,-1.36,23.66,23.66,23.66
-4.43,-5.35,-1.33,25.06,25.06,25.06
-4.95,-4.65,-1.22,24.99,24.99,24.85
-5.19,-3.66,-1.20,21.56,21.56,21.07
-5.51,-2.90,-1.18,14.28,14.28,14.28
-6.07,-2.23,-1.07,9.38,9.38,9.38
-5.83,-2.19,-1.14,7.00,7.00,7.00
-6.53,-1.79,-1.37,9.80,9.80,9.80
-7.25,-1.09,-1.36,10.57,10.22,10.22
-7.42,-0.27,-1.31,7.98,7.42,7.42
-7.96,0.11,-1.21,4.48,4.48,4.48
-8.12,0.25,-1.21,5.81,6.65,6.65
-8.36,1.45,-1.19,9.52,9.59,9.59
-8.53,2.59,-1.03,6.65,6.65,6.02
-8.74,2.89,-1.13,4.62,4.83,4.76
-8.69,3.33,-1.39,6.93,6.93,7.63
-9.12,3.82,-1.64,14.98,14.98,14.98
-9.25,5.34,-1.37,16.10,15.26,15.26
-9.39,6.60,-1.22,10.08,10.08,10.08
-9.28,7.46,-1.32,6.44,6.44,6.44
-9.43,7.98,-1.45,3.29,3.29,3.29
-10.23,8.75,-1.37,0.28,0.28,-1.26
-10.16,9.45,-1.12,-6.93,-6.93,-6.93
-10.19,9.89,-1.09,-14.28,-14.56,-14.56
-10.79,10.36,-1.03,-16.10,-16.31,-16.31
-10.73,10.55,-0.78,-18.83,-18.83,-19.18
-11.00,10.69,-0.74,-20.58,-20.58,-20.65
-11.62,10.68,-0.67,-19.88,-19.88,-19.88
-11.70,10.66,-0.34,-15.33,-15.33,-15.33
-11.30,10.94,-0.31,-11.55,-11.55,-11.55
-11.29,11.15,-0.38,-8.54,-7.49,-7.49
-11.04,11.27,-0.39,-5.25,-4.69,-4.69
-10.78,11.08,-0.25,-3.78,-3.78,-3.64
-10.44,10.59,-0.22,-3.15,-3.15,-2.73
-10.27,9.86,-0.33,-1.05,-1.05,-1.05
-10.13,9.25,-0.42,1.96,1.96,1.96
-9.82,9.06,-0.38,2.45,2.59,2.59
-9.44,8.81,-0.37,2.03,2.03,1.75
-9.17,8.06,-0.41,1.47,1.47,1.47
-8.92,7.29,-0.44,0.28,0.28,0.28
-8.60,6.21,-0.38,-0.77,-0.77,-0.77
-8.52,5.26,-0.37,-1.33,-1.33,-1.40
-8.60,4.50,-0.38,-2.10,-2.45,-2.45
-8.41,3.41,-0.45,-3.71,-3.99,-3.99
-8.19,2.64,-0.46,-4.90,-4.90,-4.90
-7.94,2.09,-0.36,-5.81,-5.81,-6.02
-7.53,1.10,-0.26,-8.26,-8.26,-8.26
-7.29,0.45,-0.23,-9.03,-9.03,-9.03
-6.86,-0.10,-0.16,-10.36,-10.99,-10.99
-6.59,-0.75,-0.07,-12.74,-12.74,-12.74
-6.29,-1.33,-0.11,-14.84,-15.26,-15.26
-6.00,-2.04,-0.20,-18.62,-18.97,-18.97
-5.63,-2.48,-0.15,-21.28,-21.49,-21.49
-5.11,-3.26,-0.12,-23.24,-23.24,-23.59
-4.86,-3.87,-0.21,-26.67,-26.67,-27.72
-4.68,-4.37,-0.24,-31.57,-31.57,-32.69
-4.36,-5.13,-0.32,-34.86,-35.00,-35.00
-3.67,-5.86,-0.28,-34.23,-33.81,-33.81
-3.13,-6.34,-0.36,-31.43,-31.43,-30.94
-2.45,-6.47,-0.45,-30.03,-30.03,-30.03
-1.90,-6.88,-0.66,-25.90,-25.34,-25.34
-1.29,-7.28,-0.78,-21.70,-19.46,-19.46
-0.72,-7.48,-0.79,-14.70,-14.70,-14.70
-0.15,-7.27,-0.63,-10.15,-10.15,-10.15
0.46,-7.32,-0.66,-7.21,-7.21,-7.21
1.22,-7.61,-0.77,-4.55,-4.13,-4.13
1.64,-7.90,-0.89,-0.56,-0.14,-0.14
2.12,-7.95,-0.83,2.38,2.80,2.80
2.78,-7.98,-0.81,3.85,4.34,4.48
3.44,-8.18,-0.76,5.53,5.88,6.02
4.20,-8.16,-0.79,6.58,6.58,6.58
4.85,-7.93,-0.82,4.83,3.57,3.57
5.41,-7.58,-0.72,0.98,0.56,0.56
5.88,-7.04,-0.50,-4.55,-4.55,-5.18
6.51,-6.63,-0.39,-8.61,-10.15,-10.78
7.11,-6.38,-0.27,-14.07,-15.40,-15.96
7.60,-5.96,-0.23,-18.83,-19.04,-19.04
8.00,-5.44,-0.22,-21.14,-21.49,-21.49
8.42,-4.89,-0.19,-25.90,-25.90,-26.39
9.04,-4.68,-0.19,-28.07,-28.07,-28.77
9.74,-4.34,-0.25,-29.54,-29.54,-29.54
10.71,-4.11,-0.39,-30.03,-30.03,-30.03
11.17,-4.37,-0.52,-27.30,-27.30,-27.30
11.43,-4.23,-0.60,-24.36,-24.01,-24.01
11.91,-4.03,-0.67,-21.35,-21.35,-21.07
12.19,-3.83,-0.73,-19.74,-19.53,-19.53
12.57,-3.87,-0.76,-17.01,-17.01,-16.59
12.96,-3.91,-0.82,-15.12,-14.77,-14.49
13.17,-3.89,-0.90,-13.44,-13.44,-13.16
13.16,-3.81,-0.92,-11.83,-11.83,-11.69
13.53,-3.85,-0.91,-12.18,-12.39,-12.67
13.85,-4.20,-0.85,-14.14,-14.14,-14.42
13.75,-4.55,-0.90,-14.07,-14.07,-13.86
12.90,-4.65,-1.02,-11.83,-11.83,-11.62
11.09,-3.99,-0.95,-9.94,-9.94,-9.94
10.60,-3.63,-0.95,-10.57,-11.06,-11.06
10.22,-3.69,-0.97,-12.39,-12.39,-12.74
9.96,-4.10,-1.00,-13.65,-13.65,-13.65
9.71,-4.69,-0.99,-13.30,-12.95,-12.95
9.39,-5.21,-1.05,-11.69,-11.69,-11.20
9.33,-5.70,-1.09,-8.75,-8.12,-8.12
9.26,-6.03,-1.07,-2.45,-2.45,-1.68
8.83,-6.07,-1.11,2.45,2.45,2.45
8.51,-5.93,-1.13,5.67,5.67,5.74
8.14,-6.01,-1.14,6.44,6.44,6.79
7.56,-6.10,-1.14,7.14,7.00,7.00
7.28,-6.14,-1.13,6.23,6.16,6.16
7.00,-6.22,-1.10,5.81,5.81,5.88
6.68,-6.45,-1.10,5.81,5.81,5.67
6.39,-6.53,-1.04,5.04,5.04,4.90
6.10,-6.61,-0.99,4.27,3.99,3.92
5.75,-6.60,-0.94,2.87,2.66,2.66
5.76,-7.13,-0.88,1.19,1.19,1.33
5.48,-8.51,-0.76,8.75,8.75,8.75
5.08,-8.78,-0.73,11.97,12.74,12.74
4.70,-8.72,-0.67,14.84,15.05,15.05
4.09,-8.27,-0.49,13.93,13.93,12.88
3.51,-8.02,-0.32,7.49,6.86,6.86
2.93,-8.02,-0.22,0.77,0.77,0.77
2.44,-7.88,0.00,-4.83,-4.83,-5.25
1.90,-7.81,0.20,-7.42,-7.42,-7.42
1.27,-7.73,0.35,-10.50,-10.50,-10.50
0.87,-7.55,0.44,-13.09,-13.44,-13.44
0.48,-7.32,0.58,-16.87,-16.87,-16.87
-0.13,-7.17,0.66,-19.88,-19.88,-19.88
-0.54,-7.16,0.62,-22.75,-22.75,-22.75
-0.96,-7.47,0.60,-23.03,-22.89,-22.54
-1.53,-7.63,0.44,-20.79,-20.79,-20.65
-1.85,-7.60,0.24,-19.39,-19.39,-19.11
-2.30,-7.60,-0.02,-19.04,-19.04,-19.04
-2.84,-7.78,-0.37,-19.46,-19.46,-19.46
-3.10,-7.95,-0.70,-18.06,-18.06,-17.36
-3.51,-7.89,-1.27,-14.00,-13.51,-13.51
-3.85,-7.64,-1.79,-10.43,-10.43,-10.15
-4.08,-7.43,-2.03,-8.40,-7.63,-7.07
-4.43,-7.20,-2.23,-4.34,-4.34,-2.24
-5.00,-6.05,-2.27,4.41,4.41,4.41
-5.45,-5.71,-2.46,5.25,5.25,5.25
-5.75,-5.01,-2.43,5.53,5.25,5.25
-6.28,-3.85,-2.34,3.22,3.22,3.22
-7.03,-3.26,-2.20,-0.56,-0.91,-0.91
-7.03,-2.36,-2.04,-3.57,-5.25,-5.25
-7.06,-1.44,-1.96,-7.63,-8.19,-9.03
-7.32,-0.66,-1.74,-10.99,-11.20,-11.20
-7.28,-0.20,-1.53,-11.62,-11.55,-11.55
-7.96,0.49,-1.13,-11.55,-11.90,-11.90
-8.46,1.37,-1.03,-13.51,-13.65,-13.65
-8.45,1.80,-0.96,-13.30,-13.30,-13.30
-8.67,3.02,-0.81,-13.16,-13.16,-13.09
-9.00,3.40,-0.72,-9.73,-9.73,-9.73
-8.70,4.05,-0.62,-5.95,-5.95,-5.95
-9.73,7.67,0.18,-14.00,-15.40,-15.40
-10.18,8.01,0.22,-17.29,-17.29,-17.08
-10.19,8.25,0.30,-14.56,-14.56,-14.56
-10.34,9.39,0.51,-9.31,-8.82,-8.82
-10.74,9.89,0.46,-6.79,-6.65,-6.65
-10.88,10.18,0.52,-6.16,-6.02,-6.02
-10.94,10.55,0.81,-5.11,-5.11,-5.04
-11.10,10.61,1.00,-4.48,-4.48,-4.48
-11.03,10.48,1.07,-2.03,-2.03,-2.03
-11.15,10.53,0.98,0.00,0.00,0.00
-11.29,10.20,0.94,3.50,4.13,4.13
-11.13,9.95,0.95,7.00,7.56,7.56
-10.85,9.81,0.94,11.13,11.13,11.13
-10.53,9.81,0.79,12.04,11.83,11.83
-10.36,9.59,0.70,10.50,10.22,10.22
-10.52,8.97,0.60,8.82,8.82,8.33
-10.44,8.28,0.60,7.84,7.84,7.63
-10.20,7.40,0.46,6.30,6.30,6.30
-10.09,6.84,0.37,5.39,5.39,5.39
-9.71,6.09,0.22,4.13,4.13,4.13
-9.60,5.01,-0.01,4.76,4.76,4.76
-9.27,4.34,-0.11,5.88,5.95,5.95
-8.91,3.69,-0.15,5.60,5.60,5.60
-8.74,2.93,-0.20,5.46,5.60,5.60
-8.65,2.17,-0.23,5.18,5.18,5.18
-8.36,0.49,-0.41,2.31,2.31,2.31
-8.04,-0.14,-0.42,1.75,1.68,1.68
-7.76,-0.87,-0.29,0.91,0.91,0.91
-7.41,-1.63,-0.30,1.12,1.12,1.12
-6.93,-2.17,-0.29,2.59,3.36,3.36
-6.31,-2.41,-0.27,4.06,4.13,4.13
-5.77,-2.78,-0.25,3.99,3.99,3.99
-5.10,-3.19,-0.25,3.85,3.85,3.85
-4.26,-3.49,-0.25,3.08,2.59,2.59
-3.54,-3.89,-0.24,0.21,0.21,-17.71
-3.11,-4.50,-0.24,-1.61,-1.61,-1.61
-2.47,-5.36,-0.21,0.07,0.07,0.07
-1.80,-5.87,-0.23,0.84,0.84,0.84
-1.04,-5.81,-0.30,-2.10,-2.10,-2.10
-0.35,-6.38,-0.32,-7.00,-7.42,-7.42
0.34,-6.81,-0.24,-9.31,-9.59,-10.15
1.05,-6.99,-0.12,-11.48,-11.69,-11.69
2.23,-7.79,0.00,-14.00,-14.07,-14.07
3.05,-8.15,-0.01,-13.44,-13.30,-13.30
3.90,-8.14,-0.34,-11.20,-11.20,-10.57
4.78,-8.40,-0.46,-7.21,-5.53,-4.55
5.31,-8.09,-0.47,0.14,0.14,0.98
6.00,-7.57,-0.24,7.91,7.91,8.47
6.42,-7.18,-0.07,11.41,11.41,11.76
6.60,-6.50,-0.11,12.81,12.81,12.81
7.13,-5.42,-0.20,10.92,10.92,10.92
7.49,-4.54,-0.19,6.09,6.09,5.39
7.78,-3.93,-0.06,-0.42,-0.42,-1.19
8.54,-3.76,0.15,-6.93,-6.93,-6.93
9.13,-3.65,0.30,-10.85,-10.85,-10.85
9.58,-3.49,0.22,-13.51,-13.93,-13.93
10.46,-3.08,-0.10,-21.07,-21.70,-21.91
11.12,-2.79,-0.24,-23.59,-23.59,-24.01
12.16,-2.75,-0.37,-25.97,-25.97,-25.97
13.41,-2.98,-0.45,-27.02,-27.16,-27.16
14.57,-3.16,-0.59,-26.39,-26.39,-26.39
15.44,-3.56,-0.74,-24.50,-23.87,-23.87
15.74,-3.89,-0.92,-17.99,-17.99,-17.43
15.85,-3.99,-0.89,-14.84,-14.84,-14.42
15.22,-4.08,-0.68,-11.34,-11.34,-11.34
14.13,-4.18,-0.58,-9.31,-9.31,-9.31
13.22,-4.02,-0.52,-8.33,-8.33,-8.33
12.31,-3.85,-0.54,-5.46,-5.46,-5.46
11.47,-3.64,-0.52,-2.66,-2.66,-2.66
10.84,-3.38,-0.45,-0.70,-0.70,-0.70
10.41,-3.23,-0.39,0.14,0.07,0.07
10.22,-3.28,-0.37,-0.77,-1.05,-1.05
10.11,-5.30,-0.85,-5.53,-5.53,-5.53
9.75,-6.22,-0.92,-2.38,-1.12,-1.12
9.57,-6.71,-0.98,2.80,2.80,4.06
9.20,-6.79,-0.97,9.38,9.38,9.38
8.78,-6.71,-0.92,13.86,14.21,14.21
7.41,-6.57,-1.00,16.94,16.94,16.94
6.79,-6.62,-1.16,15.54,15.54,15.54
6.13,-6.79,-1.22,15.89,15.89,15.89
5.40,-7.20,-1.15,17.29,17.29,17.43
4.73,-7.20,-1.13,18.97,18.97,18.97
4.15,-7.29,-1.11,21.63,21.63,21.63
3.42,-7.24,-1.09,25.13,26.18,26.18
2.85,-7.28,-1.01,30.80,30.80,31.50
2.26,-6.97,-1.02,38.78,38.78,38.78
1.77,-6.56,-1.02,42.42,43.26,43.26
1.15,-6.22,-0.91,44.73,44.87,44.87
0.69,-5.90,-0.61,42.49,42.49,42.49
0.16,-5.89,-0.38,38.99,37.80,37.80
-0.61,-6.04,-0.22,33.46,33.46,31.71
-1.31,-6.17,-0.14,25.69,25.69,25.69
-2.01,-6.41,-0.00,19.39,19.39,19.39
-2.80,-6.80,0.13,16.38,16.38,16.38
-3.43,-7.01,0.20,16.87,16.87,16.87
-3.91,-6.94,0.28,18.83,18.83,18.83
-4.55,-6.65,0.40,20.23,20.23,20.23
-5.18,-6.12,0.48,21.42,21.49,21.49
-5.42,-5.42,0.49,23.66,23.66,23.66
-5.70,-4.36,0.55,24.78,24.92,24.92
-6.22,-2.95,0.60,25.83,26.04,26.04
-6.68,-1.92,0.42,27.65,27.65,27.93
-6.83,-0.69,0.43,30.03,30.03,30.24
-7.48,0.88,0.62,31.50,31.50,31.50
-8.48,2.03,0.80,29.82,29.82,29.82
-8.40,2.99,0.78,25.34,25.34,25.34
-9.04,4.30,0.55,22.82,22.82,22.33
-10.04,4.98,0.73,18.34,18.34,18.34
-9.89,5.32,0.91,15.68,15.68,15.68
-9.80,5.67,0.70,14.14,14.14,14.14
-10.43,6.22,0.42,12.04,12.04,12.04
-10.73,6.46,0.52,10.01,10.01,10.01
-10.66,7.14,0.65,7.63,7.28,7.28
-11.08,7.38,0.66,4.41,4.41,4.41
-10.87,7.74,0.60,2.38,2.17,2.17
-10.81,7.87,0.63,1.12,0.63,0.63
-11.13,8.21,0.56,-1.26,-1.26,-1.26
-11.27,8.54,0.63,-6.09,-6.09,-6.09
-11.63,8.35,0.72,-6.86,-6.86,-6.86
-11.71,8.29,0.74,-5.74,-5.53,-5.53
-11.67,8.28,0.75,-4.90,-4.90,-4.76
-11.57,8.28,0.61,-5.60,-5.60,-6.02
-11.70,8.05,0.53,-7.63,-7.63,-7.84
-11.80,7.53,0.54,-9.17,-9.17,-9.38
-11.59,6.95,0.44,-10.71,-10.71,-10.71
-10.96,6.66,0.41,-11.62,-12.18,-12.18
-10.55,6.16,0.33,-13.16,-13.51,-13.51
-10.32,5.54,0.18,-13.79,-13.86,-13.86
-10.15,4.83,0.15,-14.42,-14.42,-14.42
-10.14,4.19,0.08,-14.77,-14.77,-14.77
-10.08,3.36,0.07,-13.93,-13.58,-13.58
-9.99,2.59,0.02,-12.32,-12.32,-11.83
-9.93,1.91,-0.01,-10.29,-10.29,-10.29
-9.79,1.06,-0.10,-6.93,-6.93,-6.93
-9.58,0.58,-0.19,-4.83,-4.83,-4.83
-8.28,-1.13,-0.07,-4.34,-4.48,-4.48
-7.98,-1.83,-0.07,-4.76,-4.76,-4.90
-7.48,-2.34,-0.15,-4.83,-4.83,-4.90
-6.96,-2.98,-0.21,-4.90,-4.90,-4.90
-6.39,-3.57,-0.22,-4.06,-3.85,-3.64
-5.69,-4.07,-0.22,-3.43,-3.50,-3.50
-4.92,-4.65,-0.16,-4.55,-4.55,-4.55
-4.44,-4.92,-0.22,-4.34,-4.13,-4.13
-3.77,-5.37,-0.23,-3.29,-2.73,-2.73
-2.96,-5.69,-0.32,-1.61,-0.98,-0.84
-2.25,-5.86,-0.35,0.56,0.56,1.05
-1.46,-6.24,-0.30,1.82,1.82,1.96
-0.75,-6.93,-0.30,4.41,4.41,4.69
0.12,-7.17,-0.38,5.04,5.04,5.46
0.72,-7.30,-0.43,5.95,5.95,5.88
1.52,-8.09,-0.16,4.62,4.62,4.62
2.09,-8.48,0.05,4.97,4.97,5.04
2.65,-8.42,0.12,4.27,3.64,3.22
3.65,-8.17,0.20,-0.70,-1.40,-1.40
4.29,-8.52,0.19,-4.55,-5.11,-5.39
4.97,-8.56,0.19,-6.51,-6.51,-7.00
5.39,-8.37,0.14,-7.56,-7.56,-8.05
5.99,-7.81,0.18,-9.66,-9.66,-9.66
6.39,-7.34,0.26,-10.71,-10.71,-10.71
6.97,-7.27,0.32,-9.59,-9.59,-9.59
6.97,-6.61,0.37,-11.27,-11.62,-11.62
7.08,-6.13,0.37,-12.95,-13.58,-13.58
7.12,-5.60,0.25,-14.84,-14.84,-14.84
7.51,-5.23,0.12,-16.10,-16.10,-16.10
8.04,-5.02,0.05,-16.80,-16.87,-16.87
8.32,-4.84,-0.02,-15.96,-15.96,-15.96
8.61,-4.69,0.09,-13.30,-13.30,-13.30
8.90,-4.19,0.12,-12.39,-12.46,-12.46
9.52,-3.60,0.15,-12.53,-12.60,-12.60
9.63,-3.13,0.01,-12.81,-12.81,-12.81
9.91,-2.79,-0.08,-14.35,-14.35,-14.35
10.75,-2.44,-0.21,-17.50,-17.50,-18.13
11.50,-2.39,-0.45,-21.49,-21.49,-21.91
12.23,-2.38,-0.77,-23.73,-23.73,-23.73
12.90,-2.77,-1.00,-23.31,-22.61,-22.61
13.03,-2.90,-1.23,-20.44,-19.67,-19.67
13.71,-2.70,-1.35,-18.34,-18.34,-18.27
14.24,-2.72,-1.46,-18.76,-18.76,-18.76
14.15,-2.73,-1.57,-17.08,-17.08,-17.08
13.77,-2.72,-1.81,-12.81,-12.81,-12.81
13.22,-2.79,-1.90,-10.01,-8.96,-8.96
12.47,-2.68,-1.98,-6.44,-6.44,-5.88
11.88,-2.57,-2.05,-5.18,-5.18,-5.18
11.38,-2.74,-2.17,-5.46,-5.53,-5.53
10.83,-2.85,-2.34,-5.60,-5.60,-5.53
10.62,-2.95,-2.57,-5.74,-5.74,-6.09
10.84,-3.21,-2.64,-8.26,-8.26,-8.47
11.18,-3.91,-2.59,-8.82,-8.82,-8.54
11.20,-4.07,-2.59,-7.84,-7.84,-7.84
11.10,-4.26,-2.52,-7.70,-7.70,-7.70
10.87,-4.83,-2.26,-6.44,-6.44,-5.46
10.35,-5.47,-1.94,-0.49,0.28,0.28
9.80,-5.50,-1.54,5.81,6.09,6.09
8.98,-5.50,-1.20,7.42,7.42,7.42
8.64,-5.71,-1.00,7.49,7.56,7.56
8.41,-6.20,-0.77,8.26,8.40,8.40
7.30,-6.56,-0.78,12.18,12.18,12.18
6.59,-6.58,-0.94,16.45,16.45,16.45
6.26,-6.38,-0.94,18.06,18.76,18.76
5.68,-6.61,-0.81,22.68,22.68,23.66
3.92,-5.63,-0.94,32.13,31.43,31.43
3.37,-5.62,-1.02,28.63,27.65,27.65
2.91,-5.93,-1.12,25.27,25.27,24.71
2.38,-6.49,-1.07,24.08,24.15,24.15
1.86,-6.88,-1.10,26.18,26.18,26.60
1.37,-7.17,-1.09,28.42,28.42,28.63
0.93,-7.65,-1.07,29.54,29.96,30.17
0.04,-8.30,-0.75,32.27,32.27,32.27
-0.62,-8.30,-0.52,36.68,36.68,36.68
-1.32,-8.04,-0.41,38.22,38.22,38.22
-2.01,-7.93,-0.26,36.33,36.05,36.05
-2.82,-7.45,-0.26,35.07,35.14,35.14
-3.18,-6.85,-0.10,33.11,33.11,32.97
-3.91,-6.28,0.01,31.78,31.78,31.71
-4.73,-5.66,-0.02,33.81,33.81,34.30
-5.03,-4.97,-0.06,37.10,37.10,37.31
-5.39,-3.90,-0.02,38.78,38.78,38.85
-5.62,-2.40,0.24,37.87,37.87,37.66
-5.52,-1.51,0.51,35.28,35.28,34.86
-5.44,-0.41,0.72,30.73,30.73,29.96
-5.59,0.82,0.98,21.42,21.42,20.37
-5.92,1.42,1.14,15.12,14.14,14.14
-6.15,1.72,1.41,9.38,8.54,8.54
-6.32,2.56,1.82,6.44,6.44,6.44
-6.38,3.93,2.63,3.92,3.92,3.64
-6.78,4.60,2.99,3.08,3.08,3.29
-6.73,4.81,3.17,5.11,5.11,7.00
-6.82,6.30,3.42,10.01,10.01,10.01
-6.94,6.92,4.13,13.30,13.30,13.30
-7.08,6.89,4.16,18.69,21.07,21.07
-7.15,7.93,4.24,28.00,29.82,29.82
-7.37,8.70,4.37,33.25,33.25,33.46
-6.55,8.52,4.10,35.14,35.14,35.14
-6.48,8.69,3.86,39.41,39.41,40.18
-6.54,9.87,3.81,41.51,41.51,41.51
-6.34,10.98,4.25,32.97,31.64,31.64
-5.83,11.27,4.31,22.61,22.61,22.61
-5.66,11.78,4.11,15.05,14.35,14.35
-6.73,11.76,4.03,10.92,10.36,10.36
-6.59,12.50,4.67,1.96,1.12,0.56
-6.70,12.86,4.62,-2.45,-3.57,-4.13
-7.05,12.69,4.65,-6.09,-6.09,-6.58
-7.22,12.56,4.73,-6.51,-6.51,-6.44
-7.02,12.63,4.91,-7.14,-7.14,-7.49
-6.97,12.23,4.73,-9.87,-9.87,-10.29
-6.83,11.79,4.59,-12.74,-12.74,-12.81
-6.77,11.54,4.53,-15.89,-15.89,-15.89
-6.88,11.42,4.42,-20.37,-20.37,-20.37
-7.31,11.04,4.22,-25.20,-25.20,-25.20
-7.49,10.62,4.08,-34.65,-34.65,-34.65
-7.50,9.87,3.99,-42.56,-42.56,-42.56
-7.88,8.62,3.81,-48.37,-48.86,-49.91
-7.59,7.47,3.59,-52.85,-52.85,-53.34
-7.26,6.58,3.36,-56.21,-56.70,-56.70
-7.47,5.50,3.16,-58.87,-58.87,-59.22
-7.11,4.06,2.91,-63.91,-63.91,-65.66
-6.91,3.03,2.75,-70.42,-70.42,-70.98
-7.10,1.94,2.54,-73.57,-73.57,-73.78
-5.43,0.86,2.29,-81.41,-81.90,-81.90
-5.09,-0.93,1.90,-85.33,-85.33,-85.47
-4.33,-1.58,1.85,-86.66,-86.66,-86.66
-3.73,-2.12,1.90,-88.48,-88.48,-88.48
-3.35,-2.97,1.82,-89.67,-89.74,-89.74
-3.18,-3.27,1.62,-89.25,-89.18,-89.04
-2.89,-3.49,1.39,-88.97,-88.90,-88.90
-2.46,-4.26,1.23,-87.99,-87.64,-87.64
-2.45,-5.05,1.17,-84.70,-83.16,-82.18
-2.11,-6.00,1.24,-77.42,-75.53,-74.55
-1.25,-6.45,1.14,-69.72,-69.72,-66.99
-0.67,-6.64,0.60,-62.02,-62.02,-60.90
0.04,-7.70,-0.03,-48.79,-48.79,-47.11
0.56,-7.86,-0.24,-38.64,-37.59,-37.59
1.40,-7.86,-0.41,-31.85,-31.85,-29.40
2.30,-7.80,-0.42,-25.90,-25.90,-24.57
3.02,-7.76,-0.44,-23.45,-23.45,-23.45
3.45,-7.68,-0.54,-26.88,-26.88,-28.56
4.34,-7.41,-0.76,-34.23,-34.23,-34.23
5.39,-7.16,-0.96,-45.36,-45.36,-46.83
5.95,-7.34,-0.87,-57.54,-57.54,-57.54
6.56,-7.17,-0.74,-64.75,-64.75,-64.75
7.50,-7.14,-0.88,-71.26,-71.26,-71.26
8.48,-6.94,-1.02,-75.04,-75.95,-75.95
9.52,-6.78,-1.05,-77.21,-77.14,-76.93
9.77,-6.41,-1.00,-74.27,-73.92,-73.92
10.48,-5.75,-0.92,-72.45,-72.45,-72.59
11.20,-6.05,-0.92,-71.68,-71.68,-71.33
11.45,-6.43,-1.16,-67.06,-65.94,-65.94
11.86,-6.42,-1.25,-55.65,-55.65,-54.32
12.16,-5.94,-1.12,-47.18,-44.80,-43.75
12.34,-5.34,-0.75,-37.31,-37.31,-36.75
12.82,-4.92,-0.54,-33.67,-33.67,-33.32
12.64,-4.91,-0.74,-29.89,-29.89,-29.89
12.72,-4.80,-0.82,-27.37,-27.37,-27.37
12.56,-4.78,-0.68,-24.64,-24.64,-24.64
12.50,-4.55,-0.46,-21.98,-21.98,-21.98
12.20,-4.47,-0.38,-22.82,-22.82,-22.82
11.71,-4.67,-0.33,-21.98,-21.98,-21.98
11.37,-4.87,-0.31,-19.39,-19.39,-19.39
11.06,-4.77,-0.27,-17.15,-17.15,-16.38
10.84,-4.67,-0.28,-13.72,-13.09,-13.09
10.59,-4.72,-0.24,-7.70,-7.00,-7.00
9.88,-4.25,-0.15,-7.56,-8.12,-9.17
9.73,-4.31,-0.38,-13.09,-13.51,-13.51
9.80,-4.70,-0.46,-16.73,-16.94,-16.94
9.50,-5.28,-0.38,-15.75,-15.75,-15.75
9.43,-5.43,-0.34,-14.00,-14.00,-14.00
9.24,-5.47,-0.27,-12.88,-12.88,-12.88
9.01,-5.58,-0.22,-12.39,-11.97,-11.97
8.64,-5.59,-0.20,-10.92,-10.78,-10.78
7.87,-5.53,-0.33,-11.20,-10.99,-10.64
7.42,-5.53,-0.36,-9.38,-9.24,-9.24
6.81,-5.30,-0.36,-7.77,-7.91,-7.91
6.18,-4.96,-0.42,-10.36,-10.85,-10.85
5.72,-4.85,-0.44,-13.37,-14.42,-14.42
5.22,-5.02,-0.46,-15.47,-15.54,-15.54
4.86,-5.61,-0.79,-14.84,-14.84,-14.84
4.47,-6.02,-1.06,-13.58,-13.58,-13.58
4.31,-6.39,-1.19,-11.76,-10.92,-10.92
4.03,-6.71,-1.24,-7.98,-7.98,-6.93
3.87,-6.76,-1.21,-4.27,-4.27,-4.27
3.91,-6.68,-1.12,-1.40,-1.40,-1.40
3.97,-6.73,-1.00,-1.61,-1.61,-1.61
4.12,-7.22,-0.92,-3.50,-3.50,-3.50
4.14,-7.59,-0.89,-4.48,-4.55,-4.55
4.38,-7.88,-0.81,-5.95,-5.95,-6.30
4.86,-8.64,-0.75,-7.35,-7.49,-7.49
5.15,-9.03,-0.73,-7.07,-7.07,-7.07
5.41,-9.05,-0.71,-7.49,-7.49,-7.70
5.90,-9.17,-0.69,-10.71,-10.71,-10.71
6.19,-9.35,-0.78,-11.48,-11.48,-11.48
6.36,-9.29,-0.97,-9.87,-9.87,-9.87
6.48,-9.03,-0.93,-8.96,-8.96,-8.96
6.47,-8.88,-0.91,-7.56,-7.56,-7.56
6.17,-8.47,-0.89,-6.37,-6.16,-6.16
6.06,-8.10,-0.86,-7.56,-7.56,-7.77
5.98,-8.47,-0.83,-8.40,-8.40,-8.26
5.71,-8.71,-0.82,-6.23,-6.23,-6.23
5.54,-8.73,-0.84,-3.78,-3.78,-3.78
5.17,-8.74,-0.93,-1.33,-1.33,-1.33
5.06,-8.62,-0.89,0.28,0.56,0.56
4.81,-8.48,-0.83,0.98,0.98,0.84
4.63,-8.25,-0.69,-0.63,-0.63,-1.12
4.36,-8.25,-0.59,-3.85,-3.85,-4.97
4.15,-8.20,-0.50,-8.61,-8.61,-8.61
3.95,-8.38,-0.54,-16.03,-16.59,-16.59
3.88,-8.73,-0.73,-18.83,-18.83,-18.83
3.80,-9.04,-0.81,-19.25,-19.25,-19.25
3.59,-9.20,-0.85,-18.34,-18.34,-18.34
3.25,-9.18,-0.89,-17.43,-17.36,-17.36
2.90,-8.91,-0.99,-16.87,-16.80,-16.80
2.57,-8.58,-1.15,-16.94,-16.94,-16.94
2.14,-8.52,-1.24,-16.94,-16.94,-16.80
1.85,-8.33,-1.31,-16.59,-16.59,-16.59
1.45,-8.17,-1.43,-15.96,-15.96,-15.96
0.91,-8.20,-1.61,-15.19,-15.19,-15.19
0.33,-8.22,-1.82,-13.58,-13.58,-13.30
-0.05,-8.00,-1.99,-11.83,-11.83,-11.48
-0.52,-7.80,-2.04,-11.13,-11.13,-11.27
-1.01,-7.59,-2.07,-12.18,-12.18,-12.81
-1.60,-7.55,-2.32,-16.73,-16.73,-16.73
-2.16,-7.60,-2.47,-20.16,-20.16,-20.16
-2.77,-7.61,-2.51,-21.77,-22.12,-22.12
-3.42,-7.60,-2.69,-22.19,-21.91,-21.91
-3.92,-7.70,-2.79,-20.72,-20.72,-20.44
-4.44,-7.63,-2.65,-16.17,-16.17,-16.17
-5.14,-7.55,-2.57,-8.54,-8.54,-8.54
-5.51,-7.06,-2.40,-1.89,0.14,0.14
-5.76,-6.40,-2.28,4.90,4.90,6.02
-6.27,-5.91,-2.25,9.03,9.03,9.03
-6.79,-4.96,-2.05,17.78,17.78,17.78
-6.85,-4.42,-2.15,17.92,17.92,17.92
-7.33,-3.99,-2.30,15.47,15.47,15.47
-8.00,-3.65,-2.52,10.71,10.15,10.15
-8.05,-3.08,-2.51,6.02,2.80,2.80
-8.18,-3.91,-2.34,-12.53,-12.74,-12.74
-7.93,-3.86,-2.29,-13.58,-13.58,-13.93
-7.95,-3.88,-2.37,-16.38,-16.38,-16.38
-8.50,-4.23,-2.39,-16.17,-16.17,-15.82
-9.16,-4.37,-2.15,-13.93,-13.93,-13.93
-9.10,-4.22,-1.83,-12.46,-12.46,-12.46
-8.94,-4.02,-1.72,-12.95,-13.23,-13.23
-9.12,-4.02,-1.74,-12.67,-12.32,-11.48
-9.63,-4.04,-1.49,-8.96,-8.61,-8.61
-9.04,-3.76,-1.18,-6.30,-6.30,-5.88
-8.35,-3.31,-1.15,-2.31,-2.31,-1.82
-8.48,-3.41,-1.28,2.87,2.87,3.78
-9.17,-3.28,-1.11,8.61,8.61,9.31
-9.13,-2.99,-0.62,13.65,13.65,13.65
-8.50,-2.52,-0.46,13.72,13.44,13.44
-8.22,-2.19,-0.59,12.39,12.25,12.25
-8.80,-2.09,-0.89,11.55,11.34,11.34
-9.22,-2.03,-0.86,8.19,8.19,8.19
-9.29,-1.74,-0.67,3.57,3.15,3.15
-9.77,-1.47,-0.58,2.10,1.89,1.89
-10.27,-1.05,-0.56,1.61,1.61,1.54
-10.44,-0.35,-0.77,-0.21,-0.21,-0.21
-10.43,0.46,-0.75,-1.40,-1.96,-1.96
-10.47,1.89,-0.37,-4.83,-4.83,-5.32
-10.72,2.75,0.07,-10.64,-10.64,-10.64
-10.69,3.62,0.14,-14.35,-14.35,-14.35
-10.23,4.46,0.10,-15.61,-15.61,-15.82
-9.83,5.15,-0.01,-16.94,-16.94,-16.94
-9.97,5.57,0.06,-16.45,-16.31,-16.31
-9.93,5.94,0.21,-16.03,-16.03,-16.03
-9.80,6.13,0.51,-15.54,-15.33,-15.33
-9.84,6.23,0.46,-14.28,-14.00,-14.00
-9.77,6.58,0.35,-12.32,-11.97,-11.69
-9.52,6.75,0.42,-10.71,-10.71,-9.87