aX,aY,aZ,gX,gY,gZ
0.208,1.600,-1.786,-44.030,134.120,9.100
-0.056,1.124,-0.409,-11.690,111.860,20.440
0.086,1.619,-0.604,43.330,122.710,60.830
0.279,1.544,-0.196,81.900,91.000,95.760
0.150,1.469,-0.190,12.880,62.370,111.650
-0.114,1.544,-0.355,-3.500,51.380,132.090
-0.307,1.525,-0.310,-7.770,35.000,141.820
-0.346,1.420,-0.551,-31.290,44.380,147.560
-0.323,1.338,-0.464,-68.950,8.260,132.790
-0.323,1.388,-0.706,-98.280,24.010,120.540
-0.297,1.541,-0.602,-125.930,47.180,146.650
0.028,1.538,-0.004,-117.810,29.540,123.760
0.098,1.562,-0.976,-144.060,72.940,139.510
0.048,1.438,-1.137,-139.020,127.960,139.790
0.168,1.415,-0.948,-122.570,124.880,160.230
0.118,1.383,-0.730,-119.980,100.520,158.830
0.069,1.351,-0.821,-128.240,187.460,191.520
0.044,1.249,-0.185,-124.600,147.840,178.710
0.082,1.348,-0.860,-92.680,170.730,213.920
0.258,1.195,-0.643,-77.000,135.520,224.350
0.095,1.319,-0.543,-71.820,295.680,224.560
0.333,1.492,-0.201,-31.640,184.800,317.170
0.113,1.230,-0.464,-11.060,234.220,347.970
-0.695,1.847,0.475,-286.160,327.040,392.630
-1.166,1.234,0.439,-145.740,369.600,359.030
-0.324,0.742,0.605,-58.170,-89.950,253.260
1.105,0.428,-1.101,-19.460,-55.860,175.280
0.756,0.911,-0.393,-129.430,-47.810,139.580
0.324,1.085,-0.066,-151.060,-84.840,120.400
0.137,0.773,-0.148,-236.180,-101.150,100.520
0.161,0.607,-0.516,-269.430,-44.030,99.610
0.264,0.595,-0.315,-213.850,-10.150,105.560
0.573,0.831,-0.031,-158.480,-28.350,157.010
0.781,0.814,-0.177,-96.880,-60.410,209.090
0.799,0.803,0.120,-131.320,-171.220,263.830
0.468,-0.207,-1.598,-260.050,221.620,163.870
0.316,-0.436,-0.314,-171.920,313.740,91.490
0.265,-0.117,-0.012,-209.020,143.850,42.210
0.385,-0.078,0.344,-229.110,110.460,-40.670
0.496,0.019,0.425,-214.900,79.870,-100.660
0.470,-0.145,0.259,-231.980,63.770,-179.060
0.736,0.142,0.293,-229.810,41.440,-176.050
0.814,0.008,0.088,-201.040,42.630,-170.170
0.825,0.081,0.210,-222.110,53.200,-178.780
0.879,0.178,0.305,-250.180,80.780,-167.370
1.089,0.365,0.464,-295.820,110.390,-150.430
1.041,0.368,0.704,-316.540,129.430,-150.640
1.101,0.482,0.837,-340.760,128.240,-132.930
0.732,0.531,0.807,-328.020,134.400,-110.950
0.570,0.696,0.869,-368.760,136.290,-56.350
0.722,0.390,0.409,-329.420,138.740,-30.520
0.860,0.108,0.976,-168.700,123.760,-24.640
1.056,-0.080,0.986,-83.580,98.980,-14.840
1.119,-0.134,0.787,-47.320,80.850,-9.170
0.949,-0.104,0.732,-29.890,76.370,-4.270
0.840,-0.048,0.765,15.540,88.550,-11.410
0.853,-0.098,0.877,39.410,62.020,-5.670
0.661,-0.078,0.970,37.800,62.300,-10.290
0.755,-0.065,0.915,33.950,55.580,-19.460
0.710,-0.123,0.920,32.620,67.060,-31.430
0.663,-0.127,0.944,5.950,88.270,-43.610
0.655,-0.108,0.950,-18.340,108.920,-57.050
0.649,-0.138,1.052,-51.870,135.730,-57.400
0.757,-0.041,1.114,-97.580,133.140,-55.020
0.704,-0.231,1.141,-21.490,113.610,-66.360
0.700,-0.063,1.151,88.690,87.360,-68.180
0.626,-0.033,1.228,124.740,46.340,-89.810
0.507,-0.049,1.259,103.530,20.160,-100.660
0.568,-0.103,1.090,89.040,11.550,-94.220
0.518,-0.089,1.051,98.630,4.340,-105.910
0.511,-0.089,1.063,88.690,-1.960,-114.380
0.496,-0.039,1.043,73.290,-5.390,-119.280
0.478,-0.008,1.001,62.020,-2.380,-127.470
0.444,0.008,0.959,45.990,-2.590,-139.370
0.411,0.036,0.908,31.710,-4.340,-152.740
0.368,0.078,0.871,23.240,-6.650,-159.740
0.348,0.125,0.826,13.930,-9.870,-166.040
0.307,0.174,0.746,10.640,-11.480,-169.820
0.270,0.228,0.711,9.590,-12.600,-173.040
0.236,0.276,0.688,10.850,-15.470,-175.420
0.210,0.343,0.685,12.390,-17.430,-174.440
0.180,0.355,0.671,6.020,-18.690,-176.190
0.152,0.389,0.660,1.960,-18.690,-176.680
0.110,0.436,0.662,-5.530,-17.710,-174.160
0.054,0.516,0.640,-4.480,-19.460,-170.450
0.030,0.541,0.623,-7.770,-19.880,-165.830
-0.031,0.597,0.577,-6.510,-17.570,-163.100
-0.094,0.602,0.531,-0.560,-19.180,-160.370
-0.168,0.602,0.479,2.310,-25.480,-157.430
-0.218,0.619,0.436,6.090,-24.360,-150.850
-0.260,0.645,0.414,7.350,-20.370,-140.070
-0.297,0.714,0.376,1.120,-15.190,-131.670
-0.332,0.756,0.335,0.840,-7.420,-121.520
-0.489,0.780,0.296,-0.420,4.060,-111.020
-0.437,0.791,0.287,-1.610,12.110,-100.520
-0.512,0.806,0.271,1.190,14.630,-90.440
-0.585,0.865,0.250,7.490,11.550,-81.340
-0.651,0.891,0.219,13.370,8.960,-72.730
-0.703,0.912,0.208,16.450,8.890,-67.550
-0.779,0.909,0.122,19.460,6.300,-62.930
-0.855,0.923,0.015,31.640,2.940,-65.030
-0.887,0.962,-0.052,49.140,7.840,-67.130
-0.840,1.016,-0.094,78.680,10.010,-67.200
-0.825,1.098,-0.052,84.630,8.330,-65.940
-0.737,1.144,-0.008,85.470,4.760,-61.460
-0.652,1.199,0.024,79.450,4.270,-57.260
-0.587,1.246,0.041,69.090,8.820,-52.710
-0.528,1.292,0.058,57.120,14.770,-50.050
-0.483,1.370,0.122,44.800,18.550,-43.470
-0.456,1.416,0.222,36.890,17.290,-40.390
-0.453,1.446,0.319,36.400,8.820,-33.390
-0.430,1.473,0.371,45.290,-6.020,-18.340
-0.383,1.462,0.334,47.530,-21.910,-4.270
-0.349,1.439,0.259,45.710,-26.880,8.540
-0.338,1.385,0.176,36.050,-29.120,22.890
-0.350,1.313,0.107,23.310,-26.670,24.850
-0.382,1.240,0.030,8.470,-20.440,20.090
-0.428,1.184,-0.041,-2.170,-13.300,12.530
-0.466,1.155,-0.030,-9.870,-7.070,4.340

1.072,-0.205,1.188,11.480,-0.070,35.070
1.098,-0.235,1.227,0.280,0.280,40.180
0.988,-0.303,1.178,5.250,2.450,32.340
0.901,-0.393,1.141,20.860,6.020,12.670
0.858,-0.452,1.142,33.530,9.380,-3.500
0.845,-0.456,1.141,41.650,16.590,-15.610
0.808,-0.445,1.163,51.660,22.120,-27.790
0.792,-0.420,1.159,60.130,24.640,-39.410
0.781,-0.396,1.181,59.220,22.820,-57.120
0.748,-0.326,1.182,59.850,18.900,-68.740
0.740,-0.252,1.171,61.180,14.000,-78.750
0.749,-0.204,1.000,59.010,12.320,-88.270
0.754,-0.154,1.078,56.000,14.000,-97.230
0.748,-0.087,1.055,50.750,15.820,-103.040
0.732,-0.014,1.039,48.230,16.870,-106.540
0.711,0.058,1.026,46.550,17.920,-107.240
0.693,0.137,1.012,43.540,18.690,-108.150
0.654,0.175,0.986,38.710,23.100,-110.880
0.623,0.206,0.957,36.330,26.110,-113.260
0.551,0.227,0.935,32.550,27.440,-118.650
0.472,0.238,0.887,28.210,28.910,-123.200
0.421,0.244,0.835,28.630,31.290,-125.090
0.376,0.266,0.786,30.520,35.350,-124.950
0.322,0.281,0.752,31.920,39.970,-123.900
0.260,0.310,0.748,26.320,43.610,-123.550
0.210,0.342,0.744,21.350,46.550,-121.450
0.173,0.375,0.741,20.300,49.770,-116.270
0.133,0.405,0.735,13.580,58.660,-104.440
0.111,0.444,0.724,7.700,63.000,-91.280
0.052,0.450,0.730,3.290,70.910,-76.300
0.026,0.496,0.725,-5.880,74.830,-63.280
-0.005,0.559,0.728,-14.420,79.450,-56.420
-0.069,0.603,0.699,-8.120,72.870,-55.020
-0.244,0.627,0.680,16.030,53.830,-53.830
-0.338,0.619,0.678,45.850,35.770,-48.860
-0.414,0.606,0.630,57.680,4.130,-19.950
-0.518,0.585,0.562,57.960,-23.590,-22.610
-0.633,0.582,0.418,54.110,-46.970,-18.760
-0.712,0.585,0.307,48.930,-26.460,-3.150
-0.747,0.616,0.212,52.570,-23.730,1.330
-0.802,0.637,0.172,43.820,-20.580,14.700
-0.804,0.690,0.116,40.810,-10.570,22.330
-0.850,0.765,0.064,45.500,-2.100,27.020
-0.833,0.880,0.054,47.880,8.890,27.860
-0.817,0.975,0.068,44.870,31.080,24.640
-0.892,1.039,0.098,50.750,35.280,11.970
-0.923,1.058,0.098,58.310,16.730,-3.640
-0.891,1.049,0.185,72.730,2.100,-29.330
-0.870,1.081,0.254,82.600,-18.200,-50.750
-0.790,1.137,0.312,97.510,-18.270,-65.170
-0.634,1.186,0.362,100.730,-19.110,-61.250
-0.553,1.261,0.404,95.900,-25.970,-61.460
-0.453,1.317,0.384,83.370,-28.840,-38.710
-0.356,1.403,0.338,62.650,-27.650,-44.170
-0.288,1.471,0.286,52.570,-25.690,-31.080
-0.243,1.498,0.259,46.900,-24.150,-15.400
-0.198,1.523,0.262,42.910,-22.470,1.260
-0.168,1.545,0.280,39.550,-21.070,14.070
-0.163,1.544,0.291,36.120,-15.750,23.100
-0.193,1.479,0.298,29.470,-7.910,31.570
-0.237,1.419,0.304,18.270,1.400,34.790
-0.277,1.370,0.306,11.760,12.950,33.600
-0.349,1.320,0.332,14.700,19.180,31.780
-0.392,1.252,0.382,13.020,19.110,30.520
-0.404,1.179,0.405,-2.520,19.880,30.590
-0.454,1.118,0.421,-21.770,22.610,27.160
-0.514,1.039,0.381,-38.640,24.220,21.420
-0.571,1.017,0.355,-51.870,28.840,14.630
-0.641,1.023,0.342,-70.000,34.440,11.060
-0.682,1.030,0.322,-84.420,45.080,14.560
-0.744,1.038,0.325,-97.510,54.320,20.090
-0.759,1.053,0.307,-110.250,25.410,30.310
-0.785,1.083,0.341,-108.150,-0.840,24.640
-0.740,1.064,0.365,-106.960,-14.490,23.590
-0.619,1.094,0.400,-100.310,-18.690,19.530
-0.542,1.116,0.373,-104.720,-15.050,16.940
-0.543,1.169,0.321,-115.290,-11.270,20.370
-0.546,1.221,0.264,-124.390,-7.420,41.020
-0.573,1.296,0.232,-134.050,1.190,58.170
-0.579,1.335,0.210,-129.010,12.740,73.920
-0.595,1.323,0.232,-116.690,19.390,95.480
-0.590,1.266,0.378,-102.760,18.410,123.200
-0.621,1.185,0.504,-97.650,2.520,144.830
-0.568,0.985,0.591,-94.710,-19.320,151.200
-0.421,0.771,0.701,-99.120,-42.700,148.960
-0.336,0.503,0.869,-118.510,-57.400,141.610
-0.267,0.348,0.919,-129.570,-68.670,136.150
-0.208,0.271,0.927,-136.920,-71.540,130.550
-0.112,0.251,0.891,-161.980,-64.190,122.990
-0.085,0.280,0.887,-189.910,-46.200,120.330
-0.062,0.339,0.790,-205.940,-36.540,109.620
-0.038,0.359,0.780,-199.920,-23.520,95.900
-0.021,0.383,0.777,-169.470,-16.170,87.780
-0.025,0.392,0.800,-130.550,-26.040,85.960
0.022,0.348,0.845,-101.220,-39.480,85.400
0.092,0.266,0.884,-71.610,-55.720,85.330
0.132,0.020,0.875,-32.060,-74.830,78.960
0.209,0.026,0.855,-27.090,-87.360,69.650
0.301,0.023,0.821,-41.790,-82.530,61.810
0.403,0.064,0.791,-60.060,-67.340,59.360
0.481,0.114,0.761,-77.630,-45.640,59.220
0.508,0.147,0.755,-86.590,-30.310,60.760
0.534,0.182,0.787,-86.590,-18.970,68.040
0.546,0.232,0.825,-78.960,-13.300,74.340
0.535,0.238,0.827,-57.820,-17.640,79.590
0.522,0.195,0.844,-35.350,-21.630,88.200
0.514,0.116,0.849,-14.770,-34.440,95.130
0.515,0.040,0.838,-1.820,-45.080,94.500
0.556,-0.036,0.870,16.100,-47.950,91.840
0.620,-0.227,0.894,28.490,-47.040,94.640
0.683,-0.207,0.911,27.930,-39.410,99.050
0.754,-0.267,0.938,26.600,-31.360,102.060
0.797,-0.351,0.971,27.230,-25.340,105.280
0.858,-0.447,1.030,26.530,-11.060,103.670
0.865,-0.560,1.098,25.060,-0.770,96.880
0.911,-0.649,1.129,22.680,-1.680,75.530
0.917,-0.782,1.159,45.360,0.770,76.930
0.910,-0.925,1.181,74.970,8.470,69.300
0.999,-1.006,1.269,90.510,20.370,58.730

0.942,-1.073,1.366,93.800,16.240,50.890
0.836,-1.087,1.379,78.960,17.640,40.600
0.679,-1.106,1.377,45.920,13.580,19.880
0.485,-1.074,1.445,19.110,16.730,-27.160
0.384,-0.942,1.418,-10.710,8.960,-45.850
0.336,-0.783,1.353,-15.750,0.280,-83.020
0.371,-0.645,1.328,-16.940,-3.290,-104.720
0.470,-0.472,1.253,-18.060,-9.030,-116.900
0.541,-0.303,1.200,-16.730,-9.240,-123.130
0.628,-0.115,1.181,-10.850,-7.700,-115.220
0.642,-0.019,1.159,0.980,-6.510,-111.300
0.687,0.047,1.118,11.620,-6.860,-107.030
0.734,0.091,1.053,25.410,-9.240,-101.290
0.775,0.111,1.021,40.110,-11.550,-92.190
0.801,0.118,0.987,53.270,-12.320,-80.920
0.819,0.072,0.960,66.920,-9.450,-73.010
0.813,0.024,0.946,75.320,-6.440,-65.240
0.801,-0.034,0.927,77.000,-1.540,-59.780
0.773,-0.103,0.908,71.540,2.870,-56.910
0.728,-0.153,0.881,57.890,8.540,-59.570
0.669,-0.190,0.837,50.190,13.930,-67.340
0.612,-0.199,0.796,45.500,18.410,-76.230
0.547,-0.176,0.776,45.710,21.700,-83.720
0.504,-0.144,0.755,44.170,22.050,-90.160
0.500,-0.114,0.725,43.540,23.240,-95.410
0.492,-0.081,0.707,43.890,23.170,-100.590
0.449,-0.033,0.678,46.270,22.540,-108.080
0.414,0.006,0.643,46.410,25.060,-114.100
0.379,0.066,0.608,48.230,31.570,-118.370
0.344,0.129,0.589,46.830,39.410,-120.960
0.308,0.225,0.563,44.940,49.350,-119.630
0.256,0.292,0.529,46.830,62.440,-116.060
0.223,0.338,0.543,47.600,67.760,-110.320
0.190,0.376,0.557,48.440,68.600,-101.850
0.151,0.411,0.570,52.150,67.760,-91.280
0.099,0.447,0.591,57.890,66.010,-73.990
0.025,0.467,0.609,62.020,58.520,-60.200
-0.050,0.481,0.645,62.580,43.470,-46.830
-0.116,0.488,0.634,62.860,25.550,-37.310
-0.212,0.492,0.594,70.350,13.020,-32.130
-0.275,0.500,0.573,71.610,7.490,-27.090
-0.342,0.527,0.548,69.160,6.650,-1.260
-0.430,0.562,0.515,67.130,7.700,-11.550
-0.528,0.593,0.501,66.290,6.510,-10.710
-0.601,0.610,0.484,63.700,1.960,-14.840
-0.693,0.622,0.516,67.480,-2.940,-27.300
-0.762,0.670,0.536,61.950,-11.620,-44.030
-0.730,0.725,0.511,51.590,-19.040,-52.010
-0.727,0.855,0.496,35.980,-21.210,-47.740
-0.706,0.946,0.491,18.970,-20.440,-45.710
-0.694,1.026,0.430,15.540,-16.870,-42.560
-0.664,1.115,0.341,23.730,-10.920,-36.610
-0.595,1.225,0.326,34.930,-13.440,-27.230
-0.558,1.318,0.341,46.760,-16.240,-20.020
-0.533,1.337,0.346,55.510,-17.290,-19.810
-0.482,1.319,0.498,58.170,-21.070,-17.990
-0.434,1.290,0.398,56.560,-23.730,-15.260
-0.419,1.279,0.423,60.130,-21.000,-21.000
-0.409,1.284,0.461,66.570,-17.850,-27.720
-0.380,1.267,0.506,64.890,-16.310,-27.930
-0.347,1.265,0.510,58.520,-20.160,-28.420
-0.309,1.288,0.477,50.680,-26.810,-29.960
-0.243,1.314,0.457,47.810,-28.210,-28.840
-0.177,1.364,0.447,35.910,-26.390,-21.630
-0.119,1.423,0.436,27.160,-21.210,-14.420
-0.075,1.469,0.416,19.320,-14.700,-8.330
-0.058,1.488,0.399,17.990,1.400,-0.490
-0.081,1.494,0.425,15.680,7.420,4.340
-0.100,1.463,0.437,16.660,11.970,7.140
-0.123,1.461,0.466,26.880,16.100,13.860
-0.126,1.433,0.476,31.220,14.910,23.590
-0.180,1.363,0.496,33.810,13.720,24.080
-0.223,1.296,0.516,26.320,13.090,26.040
-0.273,1.211,0.539,20.650,17.850,27.160
-0.327,1.133,0.550,3.920,26.810,24.850
-0.435,1.094,0.537,-13.790,33.880,17.780
-0.534,1.065,0.511,-38.990,38.360,6.930
-0.628,1.072,0.471,-64.470,38.780,-5.880
-0.678,1.060,0.440,-78.890,37.800,-25.410
-0.676,1.063,0.411,-80.150,30.870,-31.150
-0.644,1.062,0.395,-86.660,21.630,-28.840
-0.623,1.089,0.354,-104.090,18.060,-18.340
-0.581,1.176,0.311,-119.490,10.220,-1.260
-0.574,1.297,0.296,-134.120,2.450,23.870
-0.599,1.415,0.277,-136.920,-2.590,31.710
-0.616,1.473,0.332,-108.430,0.280,28.980
-0.478,1.415,0.487,-66.570,0.490,33.040
-0.374,1.338,0.669,-51.450,-5.320,45.710
-0.343,1.224,0.786,-56.350,-15.890,56.630
-0.316,1.052,0.834,-77.630,-30.310,74.130
-0.317,0.950,0.806,-89.880,-42.910,90.580
-0.327,0.894,0.758,-111.580,-50.120,104.930
-0.373,0.851,0.671,-138.530,-53.200,116.410
-0.414,0.797,0.636,-154.000,-52.850,125.720
-0.416,0.709,0.621,-148.400,-46.550,132.720
-0.417,0.593,0.615,-137.760,-39.760,135.870
-0.385,0.448,0.618,-119.910,-38.290,133.350
-0.266,0.283,0.646,-108.920,-37.800,127.400
-0.168,0.147,0.710,-96.670,-39.270,122.010
-0.091,0.025,0.777,-92.610,-40.250,102.970
-0.009,-0.005,0.792,-109.480,-41.370,86.310
0.058,0.027,0.808,-112.280,-40.810,75.110
0.141,0.058,0.850,-104.020,-44.030,68.180
0.204,0.090,0.889,-99.540,-42.350,61.250
0.237,0.135,0.892,-101.990,-33.600,57.610
0.239,0.162,0.876,-96.810,-30.380,56.630
0.228,0.203,0.877,-81.340,-30.730,35.980
0.250,0.199,0.899,-56.000,-37.030,52.290
0.299,0.193,0.921,-44.100,-45.570,53.130
0.372,0.195,0.930,-40.320,-57.540,57.820
0.430,0.190,0.903,-44.730,-65.450,60.410
0.457,0.189,0.840,-48.230,-68.110,61.040
0.492,0.159,0.783,-51.030,-66.290,62.580
0.535,0.104,0.762,-56.140,-59.430,67.760
0.594,0.079,0.761,-57.330,-51.730,74.970
0.602,0.056,0.786,-57.820,-43.610,83.160
0.646,0.009,0.769,-56.770,-37.170,86.940
0.670,-0.029,0.778,-47.180,-29.890,76.370
0.744,-0.125,0.837,-36.820,-30.940,82.880

1.019,-0.675,0.852,17.010,-23.800,74.060
1.089,-0.791,0.843,37.030,-15.330,68.180
1.187,-0.862,0.851,56.910,-3.640,65.660
1.249,-0.974,0.865,79.520,12.810,77.280
1.332,-1.062,1.017,72.100,29.610,94.500
1.175,-1.137,1.100,74.130,28.770,98.560
1.023,-1.214,1.119,50.260,32.690,81.760
0.662,-1.250,1.129,40.460,28.280,50.680
0.460,-1.272,1.136,43.330,18.060,7.420
0.388,-1.199,1.134,23.240,9.800,-40.600
0.382,-1.085,1.096,7.560,9.310,-75.950
0.466,-0.781,1.039,1.330,9.940,-109.060
0.564,-0.676,1.017,4.200,17.570,-123.270
0.641,-0.524,0.975,18.970,18.410,-126.840
0.725,-0.392,0.958,32.690,18.550,-124.390
0.782,-0.282,0.912,45.640,22.540,-120.470
0.777,-0.189,0.889,59.220,25.340,-116.760
0.794,-0.117,0.858,78.680,27.440,-111.860
0.862,-0.044,0.869,103.320,29.750,-97.790
0.888,-0.024,0.899,121.450,32.060,-86.100
0.866,-0.030,0.935,139.370,31.640,-79.800
0.851,-0.086,0.969,139.090,30.380,-76.230
0.780,-0.161,0.932,122.360,35.770,-75.390
0.711,-0.218,0.892,107.940,42.630,-79.380
0.635,-0.255,0.886,97.160,45.150,-105.770
0.578,-0.257,0.886,79.380,46.340,-101.010
0.524,-0.236,0.871,73.080,47.040,-106.890
0.490,-0.202,0.854,61.250,46.690,-111.790
0.416,-0.163,0.818,51.100,45.290,-116.060
0.353,-0.116,0.781,47.670,45.150,-119.630
0.319,-0.073,0.725,47.110,47.180,-124.670
0.258,0.037,0.700,44.660,52.990,-132.720
0.190,0.124,0.671,47.320,57.820,-137.550
0.163,0.240,0.656,48.930,62.020,-141.960
0.157,0.334,0.640,54.250,63.770,-142.030
0.113,0.399,0.628,56.980,64.750,-138.040
0.078,0.444,0.596,63.910,65.310,-130.900
0.059,0.480,0.569,70.280,62.790,-120.610
0.020,0.500,0.563,73.710,58.450,-108.220
-0.055,0.527,0.549,68.110,53.340,-82.740
-0.164,0.548,0.514,62.650,47.040,-63.280
-0.256,0.553,0.484,59.920,36.330,-45.150
-0.413,0.557,0.442,58.450,27.860,-32.480
-0.514,0.579,0.350,64.190,30.170,-23.940
-0.602,0.607,0.293,75.110,35.840,-20.650
-0.686,0.623,0.237,96.530,38.780,-22.960
-0.788,0.651,0.242,107.100,42.140,-21.840
-0.874,0.695,0.220,107.660,41.510,-24.710
-0.956,0.746,0.218,101.080,44.590,-29.960
-1.068,0.814,0.215,91.070,43.890,-39.200
-1.092,0.894,0.249,75.110,38.430,-52.920
-1.058,0.996,0.256,55.370,35.490,-66.220
-0.989,1.091,0.261,69.230,33.180,-76.930
-0.895,1.249,0.310,61.040,30.800,-76.440
-0.802,1.324,0.353,72.030,21.350,-71.260
-0.754,1.348,0.392,80.430,9.940,-66.920
-0.710,1.340,0.388,94.640,-7.980,-60.480
-0.644,1.355,0.390,102.410,-20.370,-49.560
-0.609,1.384,0.356,111.860,-33.180,-33.950
-0.613,1.356,0.308,119.630,-41.790,-31.500
-0.592,1.327,0.243,116.620,-45.780,-32.760
-0.537,1.326,0.201,108.640,-39.620,-33.880
-0.520,1.325,0.175,94.850,-27.720,-36.960
-0.486,1.355,0.161,77.910,-15.190,-40.530
-0.447,1.405,0.162,64.890,-0.560,-44.030
-0.399,1.423,0.189,54.740,16.590,-43.960
-0.382,1.423,0.249,42.560,32.060,-40.880
-0.382,1.412,0.343,23.800,40.530,-36.400
-0.409,1.400,0.380,13.580,44.520,-36.890
-0.444,1.418,0.439,-4.550,44.800,-26.810
-0.458,1.401,0.500,9.590,44.590,-14.770
-0.442,1.368,0.537,31.360,39.480,-2.100
-0.474,1.326,0.581,45.290,35.070,0.420
-0.491,1.260,0.580,46.270,26.880,4.620
-0.505,1.208,0.586,31.080,25.410,11.060
-0.545,1.173,0.571,12.180,25.970,16.310
-0.585,1.158,0.564,-10.500,25.970,21.350
-0.662,1.167,0.544,-35.420,23.730,28.070
-0.713,1.170,0.523,-56.210,15.540,34.720
-0.742,1.115,0.510,-80.220,6.790,32.480
-0.738,1.095,0.455,-95.550,-2.030,26.390
-0.724,1.090,0.398,-101.920,-9.030,22.260
-0.730,1.086,0.328,-111.720,-18.340,20.090
-0.708,1.091,0.240,-125.440,-22.330,20.650
-0.702,1.100,0.184,-134.960,-24.710,28.770
-0.696,1.121,0.166,-142.870,-27.230,39.620
-0.673,1.150,0.181,-150.640,-30.450,49.980
-0.606,1.181,0.216,-145.040,-31.360,60.760
-0.508,1.171,0.334,-127.120,-34.020,74.130
-0.502,1.117,0.446,-119.000,-40.250,82.880
-0.456,1.042,0.507,-123.200,-49.070,85.540
-0.373,0.973,0.549,-133.070,-55.580,89.670
-0.347,0.917,0.559,-135.800,-58.100,94.360
-0.309,0.859,0.566,-139.230,-58.030,97.160
-0.274,0.791,0.595,-144.830,-56.630,97.580
-0.244,0.728,0.613,-151.340,-55.090,100.590
-0.254,0.715,0.630,-158.130,-54.880,111.930
-0.257,0.686,0.649,-158.620,-55.230,120.470
-0.217,0.682,0.671,-160.790,-58.800,131.600
-0.207,0.653,0.692,-159.740,-63.140,142.170
-0.241,0.563,0.681,-160.300,-71.260,141.260
-0.211,0.431,0.660,-148.540,-69.230,129.500
-0.142,0.333,0.756,-128.870,-73.010,107.800
-0.061,0.196,0.866,-114.240,-83.510,91.630
0.008,0.148,0.966,-121.520,-93.660,78.330
0.080,0.119,0.975,-127.050,-102.340,71.540
0.165,0.106,0.911,-117.110,-106.890,63.560
0.280,0.124,0.867,-123.760,-93.100,62.930
0.337,0.171,0.855,-119.420,-75.390,65.520
0.405,0.204,0.850,-108.850,-64.330,77.630
0.408,0.254,0.894,-101.640,-60.130,85.960
0.438,0.264,0.913,-95.200,-59.710,93.730
0.457,0.229,0.891,-84.910,-66.150,100.310
0.478,0.150,0.813,-73.220,-66.640,102.830
0.497,0.087,0.766,-64.260,-64.750,102.410
0.492,0.036,0.746,-59.290,-56.700,92.540
0.518,-0.055,0.701,-61.110,-46.480,83.440
0.539,-0.105,0.667,-56.140,-18.130,76.510
0.622,-0.138,0.653,-51.520,-17.360,74.130

0.773,-0.791,1.037,63.420,4.060,78.610
0.806,-0.834,1.039,62.370,-6.790,72.030
0.803,-0.854,1.102,67.200,-5.460,60.200
0.772,-0.870,1.157,75.320,10.220,47.880
0.720,-0.847,1.187,73.080,15.470,31.360
0.667,-0.816,1.342,68.180,24.780,20.860
0.598,-0.731,1.369,39.480,7.770,12.460
0.543,-0.676,1.340,12.040,-0.420,-2.590
0.508,-0.632,1.323,-5.810,-2.520,-25.130
0.484,-0.561,1.276,-11.410,-7.770,-41.930
0.517,-0.487,1.234,-10.570,-10.780,-53.760
0.562,-0.427,1.191,-5.740,-7.280,-60.900
0.583,-0.380,1.152,-4.130,-4.900,-69.440
0.624,-0.344,1.125,-4.830,-1.470,-70.070
0.661,-0.303,1.140,-4.410,-5.110,-68.670
0.689,-0.275,1.103,-1.890,-10.640,-67.480
0.712,-0.273,1.054,9.450,-8.610,-68.950
0.714,-0.285,1.004,24.220,-4.970,-71.260
0.721,-0.317,0.966,34.020,3.010,-74.480
0.708,-0.341,0.953,35.210,8.330,-76.440
0.691,-0.352,0.910,33.320,11.830,-77.490
0.658,-0.350,0.913,29.750,14.910,-80.290
0.618,-0.292,0.930,13.300,16.380,-83.300
0.587,-0.248,0.908,6.580,20.930,-85.260
0.548,-0.207,0.886,6.020,25.270,-88.410
0.510,-0.148,0.915,8.400,27.090,-90.090
0.470,-0.074,0.922,10.710,28.000,-92.540
0.426,-0.017,0.916,14.910,27.020,-93.660
0.401,0.050,0.905,14.350,25.410,-94.850
0.385,0.249,0.865,11.620,28.000,-98.140
0.356,0.186,0.794,14.910,33.110,-101.290
0.344,0.240,0.769,17.290,36.750,-102.270
0.323,0.294,0.741,20.370,41.090,-97.090
0.326,0.317,0.660,24.430,57.190,-87.850
0.269,0.381,0.581,29.260,64.470,-79.730
0.224,0.420,0.535,33.320,68.950,-66.850
0.181,0.441,0.510,37.030,67.970,-51.100
0.138,0.449,0.497,41.230,62.860,-28.280
0.066,0.425,0.534,43.820,50.190,-17.080
-0.042,0.392,0.557,50.260,37.030,-12.110
-0.155,0.437,0.535,72.240,21.350,-8.260
-0.299,0.381,0.497,96.530,15.750,-14.910
-0.349,0.367,0.546,102.270,8.960,-28.420
-0.388,0.400,0.583,95.620,3.430,-34.510
-0.404,0.453,0.600,80.360,2.590,-37.660
-0.427,0.510,0.559,68.320,7.070,-43.890
-0.459,0.564,0.557,62.230,3.220,-47.600
-0.433,0.626,0.569,49.770,-0.350,-48.090
-0.399,0.676,0.595,46.480,-3.710,-46.690
-0.362,0.741,0.683,25.480,-9.660,-42.210
-0.342,0.792,0.763,4.060,-17.010,-33.670
-0.295,0.834,0.772,-7.980,-19.040,-22.190
-0.362,0.898,0.721,-17.570,-16.730,-17.010
-0.481,0.984,0.568,-3.640,-10.570,-22.750
-0.578,0.871,0.486,32.060,-8.120,-43.820
-0.588,0.851,0.490,45.220,-9.730,-51.100
-0.611,0.843,0.494,65.520,-13.370,-60.760
-0.592,0.816,0.564,71.400,-21.350,-74.410
-0.490,0.830,0.608,63.350,-22.610,-83.580
-0.390,0.875,0.658,46.550,-17.010,-82.810
-0.301,0.994,0.728,12.530,-9.310,-72.590
-0.205,1.091,0.770,-14.140,-1.820,-56.000
-0.124,1.169,0.776,-26.390,2.730,-34.580
-0.085,1.195,0.773,-29.540,5.180,-12.530
-0.124,1.135,0.743,-24.010,5.530,0.980
-0.247,1.069,0.636,8.120,6.160,-10.850
-0.352,0.869,0.576,41.230,3.010,-32.270
-0.365,0.795,0.571,66.920,-5.250,-46.970
-0.295,0.717,0.629,77.490,-11.060,-51.800
-0.228,0.670,0.638,71.820,-11.480,-53.550
-0.158,0.660,0.644,67.270,-10.150,-51.870
-0.117,0.713,0.654,59.010,-8.050,-46.550
-0.082,0.764,0.654,52.360,-6.370,-42.560
-0.024,0.819,0.691,35.910,-4.760,-30.870
0.011,0.850,0.685,34.860,-4.410,-25.480
-0.005,0.896,0.686,37.870,-5.530,-22.890
-0.022,0.974,0.712,53.270,-7.000,-19.950
-0.044,1.017,0.739,65.100,-3.220,-21.840
-0.061,1.014,0.776,65.030,2.100,-24.640
-0.041,1.023,0.788,59.570,9.800,-23.590
-0.055,1.048,0.764,60.410,24.150,-21.350
-0.089,1.039,0.765,57.540,38.640,-19.740
-0.135,1.021,0.782,45.570,46.620,-17.850
-0.223,1.018,0.774,30.520,52.710,-21.560
-0.306,1.026,0.787,24.360,50.470,-22.400
-0.333,1.076,0.844,8.540,21.210,-19.600
-0.351,1.113,0.793,-5.670,26.740,-16.380
-0.333,1.124,0.718,-21.980,23.030,-10.920
-0.369,1.120,0.626,-42.420,23.310,-6.090
-0.409,1.096,0.566,-66.080,23.240,-1.330
-0.391,1.136,0.565,-82.180,20.230,11.480
-0.392,1.187,0.514,-91.000,20.160,32.340
-0.467,1.242,0.468,-97.160,21.280,36.540
-0.500,1.222,0.450,-81.130,23.590,31.150
-0.393,1.155,0.530,-60.340,21.210,43.680
-0.332,1.161,0.590,-66.290,15.890,63.000
-0.376,1.148,0.580,-65.520,10.360,76.230
-0.396,1.070,0.581,-64.120,3.220,85.050
-0.412,0.986,0.654,-68.250,-4.340,94.500
-0.424,0.935,0.721,-76.160,-11.970,104.370
-0.447,0.902,0.789,-89.670,-21.350,109.200
-0.433,0.853,0.830,-102.620,-31.850,111.090
-0.383,0.817,0.849,-105.000,-41.230,115.570
-0.353,0.794,0.838,-105.070,-52.990,120.330
-0.311,0.740,0.814,-106.260,-59.570,122.010
-0.231,0.655,0.777,-107.590,-63.980,120.680
-0.176,0.588,0.719,-102.620,-63.700,121.240
-0.107,0.534,0.656,-96.950,-57.330,122.360
-0.096,0.494,0.610,-98.770,-48.720,123.760
-0.121,0.440,0.573,-93.240,-39.130,119.490
-0.105,0.371,0.599,-87.430,-29.470,117.530
-0.099,0.372,0.676,-83.930,-25.340,118.160
-0.244,0.381,0.771,-77.770,-31.710,116.060
-0.264,0.332,0.835,-74.970,-40.600,90.860
-0.214,0.241,0.903,-59.360,-51.380,95.690
-0.142,0.155,0.956,-61.250,-57.890,79.730
0.009,0.113,1.015,-76.930,-60.690,68.670
0.160,0.124,1.047,-102.550,-57.890,65.520
0.289,0.154,0.990,-128.030,-49.910,71.120

0.801,-0.837,0.901,44.730,-5.740,60.480
0.815,-0.868,1.002,48.370,-3.220,69.020
0.753,-0.895,1.049,52.080,-11.900,67.830
0.637,-0.882,1.070,59.500,-22.260,56.910
0.521,-0.871,1.101,63.000,-25.900,39.130
0.436,-0.832,1.107,37.450,-25.480,10.220
0.377,-0.740,1.102,33.670,-22.610,-17.220
0.347,-0.670,1.121,17.150,-21.070,-44.310
0.494,-0.569,1.152,-2.940,-21.280,-64.680
0.463,-0.457,1.153,-18.830,-21.910,-77.420
0.510,-0.350,1.151,-24.360,-25.830,-89.180
0.589,-0.209,1.106,-26.670,-23.590,-91.840
0.732,-0.171,1.083,-17.920,-16.240,-82.530
0.856,-0.160,1.082,-5.180,-13.230,-72.380
0.886,-0.189,1.054,16.870,-16.030,-63.210
0.898,-0.261,1.034,35.420,-18.760,-48.510
0.902,-0.338,0.976,36.050,-16.940,-38.150
0.759,-0.407,0.907,29.680,-8.680,-31.150
0.825,-0.465,0.829,20.860,-0.420,-29.960
0.788,-0.509,0.761,19.670,8.470,-34.300
0.736,-0.581,0.721,22.750,16.380,-40.110
0.700,-0.612,0.703,20.510,21.840,-47.250
0.667,-0.612,0.680,25.270,25.900,-55.090
0.634,-0.598,0.654,35.770,27.580,-64.330
0.636,-0.577,0.666,41.930,27.720,-72.590
0.625,-0.522,0.659,49.980,29.050,-79.380
0.609,-0.457,0.647,60.340,31.920,-87.640
0.610,-0.347,0.644,65.170,36.750,-92.960
0.619,-0.268,0.661,68.180,42.000,-96.670
0.615,-0.193,0.704,71.050,49.350,-95.970
0.565,-0.111,0.740,73.780,52.710,-93.100
0.517,-0.048,0.770,75.880,52.290,-91.070
0.457,0.029,0.768,77.700,50.890,-88.970
0.393,0.065,0.753,77.140,49.700,-88.130
0.336,0.107,0.732,71.890,48.860,-87.500
0.280,0.144,0.700,66.710,49.000,-87.570
0.225,0.168,0.664,59.570,50.820,-88.900
0.157,0.180,0.603,54.110,54.040,-91.000
0.127,0.200,0.575,49.980,57.470,-89.180
0.103,0.236,0.556,49.350,64.260,-84.840
0.042,0.278,0.549,52.920,71.330,-81.410
-0.027,0.318,0.557,62.300,73.430,-78.610
-0.097,0.351,0.574,71.260,71.820,-74.270
-0.159,0.409,0.585,82.950,67.760,-67.620
-0.374,0.471,0.586,96.180,59.850,-61.460
-0.362,0.523,0.640,103.600,42.770,-57.050
-0.425,0.575,0.710,101.080,27.440,-56.280
-0.499,0.641,0.738,94.360,10.920,-57.680
-0.515,0.673,0.755,90.720,-2.030,-65.450
-0.484,0.696,0.754,80.360,-7.630,-72.100
-0.487,0.699,0.744,63.980,-3.990,-78.120
-0.491,0.716,0.692,48.790,8.960,-83.720
-0.481,0.753,0.647,40.250,8.890,-86.170
-0.470,0.874,0.591,37.100,8.680,-80.920
-0.469,1.008,0.531,37.170,6.160,-69.720
-0.497,1.133,0.513,54.740,-1.120,-58.100
-0.524,1.151,0.527,65.730,-16.310,-55.860
-0.494,1.154,0.588,72.030,-32.340,-52.640
-0.395,1.157,0.661,61.740,-41.020,-47.110
-0.334,1.146,0.692,40.460,-37.660,-41.930
-0.316,1.109,0.682,24.640,-30.520,-39.550
-0.299,1.078,0.675,19.740,-19.460,-38.570
-0.301,1.033,0.668,13.720,-4.410,-37.380
-0.302,0.987,0.652,7.280,8.470,-39.550
-0.337,0.977,0.626,11.060,14.140,-43.330
-0.343,0.985,0.591,20.090,12.600,-44.170
-0.321,0.976,0.581,39.620,7.420,-44.940
-0.286,0.987,0.594,54.320,-1.890,-42.420
-0.260,1.010,0.602,64.400,-7.700,-42.980
-0.228,1.013,0.606,70.000,-8.610,-43.820
-0.182,1.005,0.640,65.800,-1.540,-43.820
-0.155,0.997,0.683,57.120,9.100,-41.370
-0.143,0.995,0.720,44.660,19.530,-33.320
-0.134,1.035,0.794,18.760,30.380,-24.640
-0.126,1.039,0.861,10.850,36.050,-17.010
-0.148,1.023,0.899,13.720,34.440,-12.040
-0.195,1.003,0.950,19.600,23.870,-9.450
-0.231,1.016,0.932,26.880,14.000,-6.860
-0.243,0.985,0.865,37.310,5.600,-6.720
-0.240,0.967,0.805,47.110,0.280,-9.660
-0.223,0.962,0.752,52.430,-2.660,-13.930
-0.199,0.935,0.711,54.530,16.380,-6.230
-0.172,0.912,0.675,42.840,8.680,2.870
-0.208,0.902,0.650,23.380,18.830,10.850
-0.289,0.898,0.616,5.740,28.070,13.510
-0.386,0.907,0.612,-6.300,34.020,11.060
-0.476,0.926,0.665,-13.860,34.090,5.040
-0.520,0.942,0.733,-30.730,25.900,2.450
-0.543,0.992,0.784,-56.280,11.060,2.520
-0.559,1.007,0.772,-69.230,-4.620,-3.990
-0.509,0.972,0.691,-71.960,-21.490,-8.540
-0.439,0.980,0.637,-70.630,-26.530,16.870
-0.408,1.044,0.585,-70.560,-23.520,10.430
-0.440,1.101,0.517,-76.790,-14.700,13.090
-0.449,1.149,0.471,-75.250,-1.540,15.330
-0.446,1.188,0.459,-65.030,13.790,23.170
-0.468,1.221,0.500,-54.530,18.620,35.770
-0.465,1.234,0.565,-49.070,15.400,51.030
-0.484,1.225,0.601,-56.700,5.040,68.180
-0.477,1.127,0.611,-60.410,-6.510,74.410
-0.392,1.067,0.647,-70.350,-18.760,81.900
-0.391,1.028,0.721,-84.000,-30.520,88.340
-0.319,0.983,0.791,-97.720,-37.100,94.080
-0.235,0.940,0.857,-112.840,-42.700,107.590
-0.218,0.898,0.877,-119.070,-43.750,115.710
-0.262,0.841,0.857,-112.770,-46.620,118.930
-0.263,0.736,0.856,-103.740,-53.620,122.640
-0.214,0.651,0.808,-102.550,-58.100,128.730
-0.229,0.572,0.722,-98.770,-58.800,129.920
-0.227,0.473,0.656,-89.390,-57.400,127.820
-0.182,0.324,0.634,-80.290,-55.300,123.690
-0.149,0.214,0.637,-67.690,-52.220,119.560
-0.080,0.105,0.667,-58.100,-51.380,110.250
0.062,0.040,0.707,-49.980,-50.120,105.140
0.147,0.020,0.827,-55.300,-56.910,101.850
0.212,0.010,0.856,-74.410,-64.050,95.760
0.275,0.028,0.857,-84.630,-68.110,94.920
0.352,0.054,0.829,-89.460,-68.880,98.560
0.371,0.058,0.796,-89.110,-62.930,98.980

0.890,-0.377,1.240,24.220,-8.890,20.720
0.838,-0.453,1.231,19.110,-9.940,23.380
0.826,-0.494,1.277,8.050,-5.460,24.430
0.693,-0.568,1.272,-24.850,-13.440,12.460
0.630,-0.572,1.195,-37.730,-14.630,-4.060
0.566,-0.585,1.157,-48.790,-12.110,-18.130
0.556,-0.538,1.093,-52.290,-6.650,-35.000
0.563,-0.475,1.006,-49.700,-2.590,-49.070
0.563,-0.411,0.956,-44.800,-2.170,-59.360
0.610,-0.340,0.910,-39.130,-0.560,-62.160
0.651,-0.132,0.880,-24.920,1.680,-61.250
0.674,-0.184,0.865,-10.430,2.590,-58.030
0.708,-0.141,0.869,4.130,2.310,-53.760
0.738,-0.121,0.882,12.250,0.770,-49.980
0.747,-0.115,0.862,15.890,1.260,-45.150
0.748,-0.133,0.839,14.630,7.420,-39.690
0.745,-0.163,0.824,7.280,14.630,-36.610
0.712,-0.176,0.815,1.750,20.580,-37.730
0.682,-0.184,0.817,-1.470,23.240,-39.060
0.672,-0.193,0.842,-3.990,21.560,-39.060
0.666,-0.197,0.830,-3.290,21.560,-39.970
0.648,-0.190,0.795,0.840,24.150,-46.480
0.637,-0.195,0.763,3.710,28.280,-50.470
0.629,-0.163,0.738,8.610,34.160,-51.660
0.642,-0.122,0.756,15.400,40.180,-49.490
0.628,-0.067,0.769,24.010,42.490,-47.110
0.605,-0.023,0.774,38.010,43.260,-45.360
0.599,0.005,0.800,50.890,40.670,-42.210
0.581,0.027,0.825,55.090,35.350,-38.360
0.559,0.050,0.819,49.070,30.660,-35.630
0.546,0.064,0.791,42.630,28.490,-32.550
0.525,0.080,0.757,37.590,30.100,-30.310
0.498,0.078,0.781,31.710,32.410,-27.580
0.446,0.078,0.810,26.320,31.780,-23.590
0.381,0.090,0.814,28.490,31.990,-22.190
0.284,0.071,0.779,47.110,33.180,-21.910
0.205,0.014,0.757,86.520,31.990,-25.830
0.119,0.025,0.717,80.080,29.400,-26.880
0.021,0.071,0.661,85.540,25.130,-28.770
-0.069,0.103,0.634,88.830,16.310,-32.200
-0.138,0.149,0.695,84.070,-2.170,-36.470
-0.147,0.215,0.728,74.270,-13.580,-39.690
-0.145,0.302,0.753,58.660,-17.850,-36.540
-0.143,0.429,0.783,30.030,-23.660,-35.490
-0.142,0.519,0.732,15.960,-21.840,-40.600
-0.207,0.576,0.655,37.240,-8.610,-51.240
-0.189,0.570,0.731,59.430,-0.140,-53.060
-0.196,0.564,0.708,64.820,8.960,-48.230
-0.300,0.587,0.642,75.810,17.010,-50.330
-0.382,0.643,0.590,81.410,14.070,-50.960
-0.417,0.708,0.572,91.980,-0.490,-47.460
-0.492,0.730,0.605,97.510,-18.060,-51.240
-0.540,0.778,0.711,91.000,-39.340,-57.330
-0.452,0.840,0.810,65.590,-48.370,-58.380
-0.368,0.917,0.838,17.570,-46.970,-57.330
-0.307,0.996,0.834,-7.770,-33.390,-51.870
-0.265,1.069,0.862,-11.410,-19.810,-43.260
-0.260,1.060,0.893,-15.890,1.820,-41.860
-0.324,1.064,0.823,-12.110,20.160,-60.550
-0.317,0.919,0.780,16.170,27.300,-64.750
-0.331,0.909,0.741,33.740,24.080,-64.960
-0.349,0.870,0.651,48.930,7.490,-64.330
-0.320,0.856,0.591,68.460,-11.690,-62.720
-0.260,0.874,0.576,82.110,-27.370,-60.410
-0.196,0.921,0.550,78.820,-35.280,-59.290
-0.151,0.974,0.513,69.930,-31.360,-58.380
-0.103,1.030,0.529,55.300,-19.670,-52.850
-0.017,1.085,0.608,25.130,0.490,-45.570
0.021,1.138,0.649,-2.940,17.850,-37.730
0.058,1.142,0.705,-14.840,35.000,-28.350
0.050,1.170,0.795,-9.940,46.060,-12.670
-0.012,1.114,0.884,0.070,51.380,-8.610
-0.069,1.043,1.049,3.080,41.440,-4.130
-0.096,0.967,1.096,13.230,24.990,-2.170
-0.126,0.921,1.066,28.070,9.380,-3.850
-0.137,0.893,0.999,40.460,-5.530,-6.720
-0.101,0.895,0.923,45.640,-15.960,-1.400
-0.077,0.903,0.848,44.520,-19.950,5.180
-0.043,0.906,0.779,34.230,-18.620,11.200
-0.066,0.911,0.679,23.240,-7.350,14.490
-0.094,0.903,0.624,14.490,3.290,17.220
-0.138,0.890,0.597,3.500,14.280,18.970
-0.222,0.881,0.590,-0.490,22.750,17.500
-0.271,0.878,0.595,6.090,26.460,13.300
-0.350,0.905,0.614,6.230,27.090,6.790
-0.413,0.924,0.636,-0.560,25.830,0.560
-0.412,0.916,0.683,-13.510,26.040,-2.450
-0.388,0.912,0.758,-40.600,22.680,0.420
-0.378,0.952,0.819,-72.590,14.770,5.320
-0.416,0.975,0.803,-102.270,10.920,0.910
-0.469,0.988,0.697,-107.030,10.850,-7.770
-0.481,1.089,0.632,-101.640,21.840,-15.260
-0.378,1.205,0.603,-80.360,35.140,-8.330
-0.326,1.292,0.629,-66.500,47.320,30.730
-0.375,1.378,0.659,-65.450,52.710,37.380
-0.417,1.339,0.685,-55.580,48.300,54.740
-0.466,1.279,0.713,-36.470,20.440,72.310
-0.521,1.182,0.746,-17.080,16.870,85.120
-0.559,1.060,0.770,-22.680,-7.280,91.420
-0.519,0.952,0.801,-43.050,-30.240,94.150
-0.490,0.786,0.783,-52.850,-41.020,87.990
-0.417,0.642,0.754,-54.040,-44.590,76.790
-0.309,0.515,0.768,-70.000,-41.930,67.900
-0.191,0.423,0.798,-89.530,-25.970,63.770
-0.086,0.386,0.785,-113.260,-13.090,65.520
-0.113,0.398,0.731,-133.350,-5.040,63.070
-0.133,0.364,0.693,-146.510,7.770,58.100
-0.120,0.343,0.643,-138.740,15.260,59.360
-0.111,0.332,0.638,-116.200,16.450,65.870
-0.135,0.306,0.660,-93.730,5.880,69.510
-0.111,0.209,0.683,-70.630,-10.080,64.050
0.005,0.076,0.750,-55.230,-28.980,60.690
0.111,0.005,0.808,-49.210,-44.240,60.410
0.156,-0.044,0.814,-48.860,-49.350,53.550
0.248,-0.093,0.766,-58.240,-46.830,47.180
0.314,-0.088,0.737,-85.540,-40.880,42.630
0.407,-0.046,0.692,-105.140,-23.170,42.350
0.443,-0.022,0.692,-104.860,-13.790,47.390
0.499,0.012,0.749,-105.280,-10.850,54.530

0.827,-0.720,1.015,26.810,2.310,84.070
0.843,-0.743,1.056,39.480,6.790,88.900
0.832,-0.815,1.206,55.160,13.090,88.200
0.748,-0.810,1.229,55.300,7.350,83.160
0.696,-0.803,1.348,56.980,1.680,76.650
0.613,-0.746,1.419,63.070,-4.550,59.430
0.516,-0.644,1.462,58.870,-13.650,44.170
0.414,-0.527,1.479,46.340,-19.600,26.880
0.303,-0.422,1.413,20.090,-24.290,2.590
0.238,-0.314,1.437,8.190,-19.670,-12.040
0.148,-0.244,1.452,-25.690,-32.900,-31.430
0.161,-0.096,1.296,-58.520,-30.940,-55.650
0.167,0.016,1.174,-64.470,-25.130,-66.640
0.221,0.098,1.101,-71.050,-19.600,-72.100
0.310,0.186,1.035,-72.450,-18.550,-72.800
0.388,0.247,0.982,-64.960,-20.580,-69.510
0.471,0.268,0.953,-45.640,-22.960,-60.200
0.560,0.245,0.965,-28.490,-28.420,-50.820
0.635,0.199,0.976,-12.600,-36.120,-40.040
0.695,0.121,0.975,-2.310,-40.600,-31.850
0.718,0.041,0.958,-1.750,-41.650,-26.460
0.725,-0.042,0.910,1.190,-35.630,-20.510
0.691,-0.116,0.862,-2.800,-28.070,-15.470
0.606,-0.145,0.797,-10.500,-19.950,-12.880
0.473,-0.182,0.714,-22.540,-5.600,-16.590
0.367,-0.210,0.650,-29.680,4.270,-26.320
0.304,-0.201,0.617,-24.710,11.760,-41.860
0.276,-0.147,0.627,-19.180,17.850,-52.080
0.288,-0.093,0.692,-22.260,23.030,-59.570
0.366,-0.008,0.775,-26.740,29.680,-60.200
0.490,0.075,0.906,-20.020,34.510,-57.890
0.603,0.116,1.017,-14.980,32.760,-51.450
0.739,0.134,1.125,9.660,27.860,-34.440
0.854,0.086,1.212,33.600,22.750,-18.410
0.946,-0.021,1.229,45.850,16.450,-4.760
0.948,-0.136,1.186,48.300,9.590,2.730
0.888,-0.257,1.061,53.060,10.990,0.980
0.841,-0.379,0.998,54.600,18.340,-2.380
0.796,-0.466,0.933,43.820,28.770,-6.790
0.756,-0.516,0.882,34.790,39.340,-12.180
0.702,-0.547,0.853,30.450,46.830,-18.270
0.631,-0.540,0.831,28.700,47.810,-25.760
0.569,-0.514,0.834,25.340,42.140,-31.990
0.545,-0.486,0.830,24.220,41.230,-35.140
0.532,-0.458,0.841,33.810,35.910,-36.260
0.502,-0.451,0.863,40.950,32.480,-40.040
0.467,-0.422,0.860,38.850,29.890,-45.500
0.406,-0.348,0.806,48.090,28.840,-51.870
0.364,-0.300,0.776,56.910,28.770,-58.940
0.322,-0.242,0.778,63.420,28.140,-67.060
0.245,-0.175,0.738,67.340,26.600,-73.920
0.195,-0.084,0.698,77.210,26.320,-79.380
0.145,-0.033,0.666,81.200,26.740,-84.420
0.112,0.056,0.641,70.490,24.010,-84.000
0.112,0.124,0.624,54.250,19.040,-77.980
0.069,0.179,0.598,43.540,13.510,-71.190
-0.013,0.207,0.527,44.450,13.160,-63.770
-0.088,0.284,0.516,48.370,17.640,-56.770
-0.179,0.419,0.491,55.860,25.620,-51.240
-0.263,0.534,0.463,87.710,30.100,-49.560
-0.329,0.644,0.460,95.760,28.980,-43.400
-0.394,0.708,0.458,115.570,22.680,-34.860
-0.541,0.789,0.502,113.820,7.140,-27.790
-0.693,0.854,0.514,98.770,-4.130,-26.320
-0.815,0.906,0.514,85.750,-9.520,-40.880
-0.857,0.932,0.564,56.140,-8.680,-61.460
-0.824,0.977,0.615,31.290,-2.310,-77.980
-0.752,0.998,0.684,18.760,17.780,-91.350
-0.641,0.997,0.786,5.810,34.790,-97.160
-0.539,0.996,0.851,-9.030,46.480,-96.180
-0.486,1.011,0.861,-19.390,52.080,-89.390
-0.434,1.039,0.870,-16.940,49.280,-79.940
-0.370,1.066,0.874,-7.350,37.940,-65.310
-0.364,1.074,0.827,10.290,26.320,-54.460
-0.387,1.056,0.810,29.050,11.830,-46.620
-0.416,1.037,0.797,56.560,-3.920,-43.120
-0.428,1.017,0.766,87.010,-18.130,-43.820
-0.398,0.998,0.752,94.290,-28.210,-44.380
-0.357,1.003,0.696,90.300,-29.750,-44.590
-0.293,1.016,0.667,77.910,-19.810,-42.840
-0.258,1.025,0.639,63.980,-5.740,-36.400
-0.247,1.042,0.659,39.130,9.940,-28.420
-0.269,1.065,0.669,23.940,21.770,-23.030
-0.298,1.079,0.657,22.400,32.270,-19.250
-0.321,1.078,0.677,27.300,36.820,-16.170
-0.330,1.098,0.690,28.700,35.840,-12.810
-0.325,1.133,0.723,31.780,31.850,-3.500
-0.327,1.172,0.767,27.720,29.890,6.370
-0.327,1.164,0.827,19.880,27.230,18.830
-0.330,1.132,0.893,24.150,24.640,26.460
-0.365,1.072,0.981,30.310,19.250,28.210
-0.433,1.008,1.022,22.610,16.030,28.700
-0.480,0.967,1.019,-2.170,17.780,28.350
-0.539,0.934,0.966,-26.040,24.150,24.710
-0.593,0.915,0.907,-42.630,29.330,20.510
-0.648,0.939,0.849,-54.600,31.640,18.970
-0.682,0.950,0.779,-65.380,32.200,17.360
-0.682,0.956,0.748,-69.440,28.840,19.950
-0.642,1.007,0.769,-77.070,13.230,29.190
-0.632,1.049,0.801,-83.300,-5.320,41.370
-0.607,1.074,0.833,-90.580,-24.990,54.740
-0.598,1.057,0.819,-97.860,-40.320,61.250
-0.571,0.973,0.774,-103.250,-49.490,64.400
-0.544,0.888,0.752,-102.900,-53.270,64.330
-0.440,0.796,0.725,-113.330,-49.350,67.200
-0.417,0.783,0.695,-129.360,-39.480,72.310
-0.424,0.714,0.641,-146.440,-26.810,76.160
-0.412,0.697,0.617,-141.610,-12.950,77.350
-0.486,0.695,0.605,-124.740,-5.670,76.440
-0.517,0.686,0.604,-111.440,-10.570,77.210
-0.540,0.675,0.585,-97.370,-16.870,80.500
-0.506,0.647,0.615,-81.130,-16.240,85.330
-0.487,0.615,0.672,-83.440,-35.350,86.240
-0.422,0.549,0.725,-91.350,-45.710,87.010
-0.359,0.498,0.763,-103.040,-58.590,85.470
-0.262,0.403,0.811,-118.580,-63.630,78.260
-0.188,0.309,0.803,-128.380,-64.820,67.270
-0.078,0.257,0.817,-158.620,-62.440,66.150
0.004,0.292,0.794,-185.500,-49.980,69.020

0.892,-0.832,0.895,64.540,-75.180,119.350
0.991,-0.986,0.913,45.710,-71.820,133.000
1.043,-1.098,0.860,36.750,-67.270,142.730
1.091,-1.194,0.831,40.250,-51.310,150.570
1.108,-1.243,0.840,54.040,-34.580,153.930
1.134,-1.286,0.864,75.110,-20.860,156.310
1.103,-1.310,0.963,124.110,-14.490,162.400
1.052,-1.362,1.111,168.770,-26.600,168.770
0.878,-1.361,1.275,193.060,-42.350,166.600
0.511,-1.371,1.382,191.310,-48.790,140.910
0.206,-1.380,1.389,178.220,-56.350,91.770
-0.045,-1.355,1.326,142.030,-59.150,7.770
-0.111,-1.184,1.281,73.500,-58.800,-47.040
-0.094,-0.940,1.196,16.520,-45.990,-92.610
-0.014,-0.684,1.059,-38.290,-10.080,-128.380
0.148,-0.404,1.029,-65.940,14.210,-147.140
0.179,-0.200,1.049,-91.000,7.140,-163.660
0.302,0.128,1.046,-87.500,-0.350,-163.240
0.415,0.250,0.996,-68.040,-13.020,-157.990
0.574,0.329,0.992,-39.760,-25.760,-146.790
0.710,0.372,0.995,-12.040,-37.450,-128.520
0.892,0.372,1.027,12.320,-39.970,-95.690
1.018,0.258,1.074,10.850,-30.240,-72.240
0.989,0.133,1.068,3.780,-30.310,-57.260
0.948,0.017,1.033,2.660,-28.700,-49.910
0.918,-0.098,0.984,2.380,-24.850,-45.150
0.895,-0.206,0.929,-5.250,-14.490,-40.530
0.839,-0.315,0.888,-17.780,-3.710,-41.160
0.636,-0.352,0.805,-24.920,9.100,-47.810
0.694,-0.371,0.750,-30.380,18.550,-54.460
0.664,-0.374,0.717,-30.730,27.090,-57.820
0.667,-0.356,0.717,-22.890,32.620,-56.560
0.682,-0.340,0.745,-12.180,35.560,-52.430
0.689,-0.347,0.788,-2.450,32.830,-48.370
0.673,-0.363,0.819,8.190,28.840,-45.360
0.628,-0.372,0.785,29.190,26.600,-49.980
0.615,-0.427,0.766,36.050,27.580,-57.960
0.616,-0.399,0.752,39.690,30.730,-65.030
0.589,-0.368,0.752,49.630,34.300,-68.390
0.590,-0.314,0.784,58.590,34.860,-68.180
0.566,-0.249,0.808,59.850,33.390,-65.940
0.523,-0.186,0.804,56.910,31.920,-62.090
0.481,-0.120,0.826,49.490,27.790,-58.870
0.442,-0.069,0.844,36.260,21.420,-56.350
0.407,-0.040,0.820,22.470,18.550,-58.100
0.350,-0.030,0.773,12.180,25.690,-64.680
0.298,0.002,0.730,3.990,35.910,-70.770
0.239,0.070,0.718,-6.790,49.490,-74.970
0.177,0.172,0.631,2.030,65.240,-84.280
0.145,0.198,0.611,13.510,77.280,-89.810
0.122,0.286,0.647,27.930,84.070,-86.030
0.080,0.327,0.609,49.280,87.640,-76.300
0.041,0.358,0.614,69.160,84.630,-67.130
-0.014,0.375,0.645,84.840,72.940,-57.330
-0.069,0.408,0.687,94.780,56.700,-40.250
-0.136,0.459,0.729,98.420,39.550,-25.970
-0.212,0.458,0.740,96.250,26.250,-15.890
-0.281,0.438,0.787,87.360,30.870,-10.430
-0.432,0.460,0.742,93.100,22.540,-10.220
-0.587,0.526,0.732,90.720,25.900,-26.250
-0.670,0.377,0.652,86.870,19.950,-44.520
-0.742,0.545,0.595,69.230,7.910,-65.030
-0.721,0.680,0.517,59.150,-1.400,-72.730
-0.729,0.864,0.427,63.420,7.490,-72.310
-0.748,1.019,0.339,73.080,10.920,-78.750
-0.683,1.086,0.383,74.480,6.300,-78.190
-0.572,1.147,0.503,78.050,0.560,-61.810
-0.440,1.191,0.711,69.090,-8.680,-34.370
-0.382,1.245,0.885,26.810,-11.690,-22.750
-0.326,1.234,0.968,4.760,-9.590,-15.540
-0.292,1.178,1.005,-4.550,2.310,-11.270
-0.310,1.136,0.986,-8.750,12.600,-8.470
-0.351,1.091,0.973,-8.890,25.830,-8.890
-0.409,1.063,0.874,6.790,23.240,-13.440
-0.459,0.968,0.799,30.730,14.350,-23.730
-0.458,0.974,0.745,56.560,-7.840,-37.170
-0.415,0.962,0.791,78.820,-8.540,-41.230
-0.335,1.006,0.771,83.230,-18.830,-43.050
-0.287,1.055,0.724,76.160,-21.420,-41.300
-0.229,1.112,0.660,72.800,-13.860,-38.640
-0.196,1.138,0.628,75.530,-2.450,-32.130
-0.168,1.164,0.645,67.340,11.760,-26.110
-0.189,1.156,0.655,49.910,25.830,-20.440
-0.190,1.130,0.651,38.010,35.700,-17.150
-0.209,1.109,0.663,32.970,43.050,-16.100
-0.236,1.094,0.722,30.520,46.340,-13.370
-0.290,1.051,0.768,29.890,47.460,-14.700
-0.359,0.986,0.792,32.830,44.100,-15.820
-0.424,0.932,0.834,30.870,35.700,-13.650
-0.551,0.907,0.843,21.350,25.760,-14.630
-0.628,0.912,0.809,15.050,18.620,-17.710
-0.649,0.933,0.813,9.240,13.020,-18.760
-0.635,0.972,0.792,-5.390,8.330,-15.330
-0.611,1.084,0.725,-23.310,7.840,-8.820
-0.573,1.172,0.679,-38.290,10.850,0.210
-0.543,1.268,0.600,-53.620,15.330,10.220
-0.544,1.338,0.574,-62.440,19.390,21.840
-0.551,1.394,0.581,-65.520,20.790,32.970
-0.493,1.387,0.650,-60.410,15.610,54.040
-0.408,1.381,0.730,-62.510,5.320,74.130
-0.398,1.340,0.777,-72.380,0.560,89.040
-0.257,1.264,0.847,-85.890,-13.370,101.010
-0.384,1.191,0.899,-103.880,-26.110,114.940
-0.418,1.083,0.902,-123.480,-38.220,126.490
-0.452,0.897,0.883,-143.850,-49.420,132.930
-0.473,0.791,0.843,-154.280,-57.120,134.120
-0.476,0.683,0.773,-165.550,-62.160,134.750
-0.471,0.594,0.685,-171.150,-62.860,135.450
-0.448,0.511,0.649,-158.060,-62.370,137.760
-0.393,0.350,0.639,-149.030,-61.110,140.280
-0.326,0.227,0.620,-152.530,-59.220,142.240
-0.267,0.136,0.634,-153.930,-35.980,141.120
-0.238,0.044,0.662,-147.210,-45.710,135.520
-0.200,-0.049,0.726,-136.220,-42.630,126.350
-0.143,-0.139,0.791,-125.230,-42.420,117.250
-0.103,-0.142,0.849,-116.900,-48.720,112.210
-0.068,-0.140,0.874,-108.780,-58.520,102.200
-0.008,-0.149,0.881,-102.690,-64.750,89.810
0.078,-0.170,0.905,-98.840,-69.790,83.580

0.895,-0.619,1.026,24.080,-16.520,97.790
0.886,-0.837,0.950,48.720,-8.400,95.690
0.971,-1.049,0.952,88.830,3.010,99.890
0.955,-1.166,1.045,118.510,1.610,112.420
0.821,-1.344,1.151,119.490,-1.890,117.950
0.654,-1.406,1.242,98.560,-10.290,108.010
0.284,-1.409,1.254,75.530,-25.130,73.430
0.121,-1.357,1.218,43.260,-27.230,30.170
0.052,-1.235,1.150,7.070,-16.660,-17.780
0.094,-0.996,1.137,-38.780,0.140,-67.060
0.101,-0.710,1.078,-66.220,7.630,-95.270
0.216,-0.486,1.082,-77.770,29.750,-116.200
0.342,-0.302,1.051,-70.420,40.110,-126.910
0.460,-0.160,1.039,-51.310,23.520,-125.440
0.578,-0.072,1.100,-28.140,7.000,-112.420
0.681,-0.033,1.112,-11.970,-7.210,-97.510
0.782,-0.058,1.129,4.550,-17.570,-80.780
0.837,-0.111,1.148,11.970,-23.100,-68.180
0.839,-0.181,1.123,7.420,-21.560,-59.710
0.846,-0.250,1.098,-5.670,-16.520,-51.240
0.828,-0.329,1.057,-26.180,-9.800,-47.530
0.803,-0.374,0.993,-37.870,-2.240,-46.410
0.757,-0.409,0.903,-44.380,7.280,-46.270
0.735,-0.429,0.845,-49.070,14.280,-46.200
0.714,-0.436,0.799,-50.820,17.150,-43.820
0.712,-0.432,0.737,-38.570,17.010,-37.450
0.685,-0.422,0.699,-20.510,17.640,-38.780
0.645,-0.427,0.671,-2.940,20.230,-41.370
0.616,-0.403,0.712,12.600,25.620,-41.510
0.598,-0.395,0.751,28.840,21.070,-40.880
0.581,-0.378,0.768,42.420,16.870,-42.000
0.556,-0.354,0.778,52.990,14.350,-42.700
0.553,-0.302,0.812,57.750,13.650,-41.440
0.529,-0.260,0.820,57.470,10.710,-42.910
0.487,-0.216,0.780,54.530,8.330,-46.690
0.427,-0.181,0.761,55.510,8.680,-49.770
0.409,-0.126,0.772,51.660,7.490,-52.360
0.400,-0.056,0.751,48.790,9.590,-52.920
0.417,0.009,0.743,47.530,28.770,-50.960
0.408,0.040,0.704,41.440,38.850,-46.620
0.391,0.052,0.685,36.330,46.480,-41.160
0.348,0.053,0.645,35.560,55.300,-36.610
0.296,0.040,0.651,37.240,62.160,-33.040
0.229,0.048,0.612,39.550,67.130,-30.100
0.131,0.075,0.607,41.090,69.510,-29.610
0.004,0.114,0.625,51.800,69.160,-33.740
-0.095,0.157,0.624,65.170,64.260,-38.570
-0.152,0.205,0.644,89.390,55.090,-42.560
-0.148,0.262,0.702,110.670,43.610,-45.080
-0.172,0.291,0.796,113.050,36.890,-48.300
-0.198,0.308,0.828,104.930,31.850,-50.890
-0.229,0.312,0.842,90.440,30.940,-50.470
-0.253,0.296,0.771,69.930,35.980,-45.290
-0.313,0.308,0.653,44.450,47.950,-39.480
-0.388,0.329,0.560,29.680,62.510,-39.060
-0.447,0.390,0.545,22.050,72.730,-42.910
-0.514,0.466,0.473,23.800,76.090,-44.310
-0.628,0.549,0.439,47.320,73.710,-52.640
-0.665,0.691,0.479,84.980,63.280,-70.630
-0.660,0.822,0.584,100.660,48.440,-82.880
-0.602,0.914,0.674,102.550,33.880,-87.920
-0.461,0.996,0.817,104.090,17.780,-88.900
-0.352,1.066,0.902,95.200,14.980,-82.390
-0.276,1.092,0.962,82.040,14.980,-71.960
-0.239,1.073,0.984,72.870,17.290,-56.350
-0.256,1.056,0.997,63.420,18.970,-47.740
-0.317,1.017,1.006,56.980,13.790,-42.840
-0.313,0.967,0.934,58.170,2.590,-40.110
-0.308,0.937,0.821,62.020,-1.960,-39.550
-0.300,0.936,0.766,64.540,-3.080,-37.520
-0.286,0.933,0.750,62.720,-1.890,-34.020
-0.263,0.944,0.781,53.480,1.050,-32.270
-0.240,0.963,0.854,39.270,3.500,-30.730
-0.214,0.974,0.930,23.870,5.740,-27.720
-0.201,0.991,0.969,15.470,8.680,-22.680
-0.187,1.008,0.994,13.020,9.310,-15.470
-0.170,0.999,1.027,12.320,6.930,-6.370
-0.181,0.988,1.048,12.670,0.910,-3.290
-0.207,0.981,1.022,12.250,-5.320,-0.980
-0.219,0.952,0.958,18.620,-10.710,-0.910
-0.236,0.924,0.935,15.330,-9.730,2.730
-0.246,0.878,0.892,11.830,-6.930,4.060
-0.263,0.861,0.815,16.800,-2.800,1.330
-0.266,0.854,0.779,18.620,-0.980,-0.490
-0.250,0.857,0.743,7.560,4.620,3.010
-0.226,0.855,0.740,-3.640,9.870,12.110
-0.225,0.864,0.758,-12.250,14.000,24.780
-0.256,0.865,0.787,-24.710,15.540,40.740
-0.315,0.860,0.827,-33.320,14.560,46.060
-0.363,0.826,0.871,-34.860,11.620,49.490
-0.397,0.786,0.897,-36.610,6.860,49.350
-0.448,0.763,0.897,-44.660,-3.360,47.040
-0.488,0.768,0.859,-59.500,-8.190,42.630
-0.530,0.781,0.782,-62.790,-8.190,32.410
-0.531,0.794,0.752,-71.890,-4.480,29.470
-0.498,0.862,0.724,-79.800,1.680,31.780
-0.503,0.900,0.732,-80.850,9.030,35.140
-0.465,0.858,0.742,-86.520,12.880,37.240
-0.473,0.836,0.725,-95.130,12.740,36.050
-0.493,0.835,0.689,-101.360,10.220,35.630
-0.475,0.816,0.661,-95.550,8.260,39.550
-0.407,0.777,0.679,-93.100,5.670,47.320
-0.337,0.728,0.726,-93.240,3.920,59.430
-0.310,0.684,0.793,-92.820,-0.770,69.790
-0.331,0.640,0.830,-91.840,-5.950,76.230
-0.329,0.594,0.859,-95.270,-11.970,81.270
-0.336,0.556,0.865,-95.900,-14.420,85.890
-0.320,0.530,0.870,-93.800,-16.030,87.640
-0.296,0.496,0.883,-88.970,-20.650,83.090
-0.240,0.394,0.870,-81.340,-30.170,82.530
-0.142,0.302,0.874,-78.330,-34.230,83.790
-0.110,0.230,0.866,-80.220,-31.990,80.990
-0.078,0.134,0.819,-86.870,-29.680,80.640
-0.054,0.072,0.808,-90.230,-26.880,81.060
0.006,-0.001,0.815,-95.760,-24.220,80.080
0.038,-0.047,0.830,-96.040,-26.040,79.310
0.069,-0.079,0.871,-95.410,-31.570,77.070
0.081,-0.101,0.892,-90.230,-39.270,76.930
0.136,-0.116,0.907,-86.730,-50.890,80.150

0.316,1.818,-0.582,311.500,-14.770,134.820
0.212,1.435,-0.551,199.920,-169.120,56.980
0.090,1.787,-0.124,402.290,65.030,172.550
-0.150,0.700,0.490,298.620,123.060,168.910
0.323,0.629,0.079,180.670,129.570,150.430
-0.108,0.548,0.524,299.740,164.710,161.980
-0.252,0.349,0.359,349.300,126.140,167.440
-0.188,0.494,-1.715,350.630,481.460,159.600
0.870,0.846,-0.167,861.140,-351.610,-164.290
0.582,4.137,-1.342,-604.030,-1253.770,-1252.790
1.204,6.371,-3.566,-112.000,-19.530,-597.030
-0.750,4.498,-2.574,-293.650,213.500,-190.260
-0.743,3.087,-0.899,-48.160,312.620,44.240
-0.025,1.974,-0.056,43.960,281.260,208.880
-0.063,1.302,0.233,73.570,223.720,231.000
0.122,0.631,0.229,26.180,153.720,183.540
0.096,0.291,0.181,-26.810,85.890,111.160
0.249,0.735,-0.537,40.530,85.680,-42.350
-0.138,0.088,-0.596,-154.000,-5.250,-62.300
-0.117,0.930,-0.580,124.180,14.770,11.060
-0.046,0.474,-0.014,66.220,-19.110,-33.530
0.086,1.794,-0.464,-32.550,-36.680,-15.470
0.396,2.147,-0.590,154.980,47.740,109.480
0.125,1.234,0.055,154.630,20.510,113.260
0.120,0.750,0.057,99.960,-16.730,59.290
0.205,0.736,-0.094,45.640,-39.970,45.360
0.203,0.798,-0.283,34.510,-38.080,37.870
0.162,0.894,-0.283,27.720,-46.620,37.100
0.244,0.968,-0.402,43.890,-47.670,47.740
0.299,0.886,-0.364,50.120,-43.260,47.180
0.351,0.870,-0.372,46.410,-46.340,48.160
0.336,0.858,-0.407,42.210,-43.750,48.300
0.350,0.760,-0.427,28.420,-47.740,38.080
0.310,0.761,-0.532,22.330,-50.610,31.570
0.348,0.773,-0.689,8.680,-40.460,23.100
0.249,0.671,-0.643,-13.720,-24.850,4.970
0.266,0.732,-0.633,-16.170,-16.800,-3.010
0.267,0.848,-0.543,-24.080,-8.540,-5.950
0.269,0.941,-0.423,-19.670,-12.460,-1.260
0.244,0.912,-0.417,-9.870,-10.780,-2.170
0.216,0.843,-0.450,-17.430,-8.260,-7.630
0.220,0.830,-0.447,-30.030,-7.420,-13.300
0.242,0.899,-0.489,-21.840,-1.890,-12.110
0.253,0.872,-0.436,-25.130,-0.350,-14.070
0.257,0.908,-0.462,-22.400,1.960,-11.200
0.250,0.875,-0.406,-13.860,1.680,-12.530
0.240,0.896,-0.397,-13.090,2.100,-9.660
0.274,0.962,-0.413,-3.010,5.250,-5.530
0.254,0.920,-0.340,-3.780,3.150,-6.090
0.247,0.955,-0.339,-5.670,0.700,-4.550
0.250,0.988,-0.334,-2.590,0.770,17.220
0.259,0.969,-0.340,9.520,-2.940,5.600
0.232,0.920,-0.415,11.830,-1.330,6.510
0.232,0.882,-0.406,9.100,-1.680,4.760
0.247,0.897,-0.415,8.750,-0.490,3.430
0.237,0.899,-0.404,5.320,-0.630,3.010
0.230,0.903,-0.393,6.020,-1.400,2.940
0.233,0.888,-0.402,4.060,-2.170,1.470
0.236,0.903,-0.422,1.260,-1.050,1.050
0.234,0.901,-0.412,1.120,-0.560,0.630
0.246,0.901,-0.395,-1.400,-1.680,0.000
0.232,0.902,-0.404,-2.660,-2.030,-0.560
0.236,0.896,-0.410,-4.410,-1.750,-1.540
0.227,0.896,-0.402,-6.930,-2.590,-3.080
0.225,0.909,-0.404,-6.650,-2.380,-1.750
0.219,0.913,-0.404,-3.290,-2.380,-0.980
0.236,0.908,-0.407,-1.470,-1.190,-0.770
0.232,0.902,-0.394,-3.080,-2.730,-0.490
0.225,0.915,-0.412,1.260,-1.680,1.330
0.232,0.904,-0.400,1.260,-2.450,1.330
0.227,0.907,-0.406,1.680,-2.170,1.680
0.239,0.902,-0.391,3.850,-1.050,1.890
0.233,0.903,-0.404,4.340,-0.840,2.450
0.238,0.920,-0.406,5.460,-1.050,3.290
0.232,0.902,-0.403,3.990,-1.890,2.310
0.232,0.900,-0.418,3.850,-0.630,0.770
0.256,0.910,-0.395,-1.960,-1.050,-0.420
0.239,0.913,-0.392,-1.680,-1.610,-0.280
0.236,0.913,-0.398,-1.120,-1.960,-0.630
0.233,0.905,-0.403,-3.220,-1.890,-1.120
0.237,0.909,-0.403,-3.640,-1.750,-1.190
0.225,0.910,-0.402,-3.010,-2.590,-0.350
0.229,0.907,-0.411,-0.700,-1.890,-0.070
0.218,0.896,-0.415,0.140,-1.050,-0.140
0.236,0.903,-0.398,-0.840,-1.330,0.560
0.223,0.911,-0.396,1.750,-2.100,2.170
0.223,0.910,-0.412,4.830,-0.910,2.310
0.234,0.906,-0.397,2.170,-2.030,1.750
0.221,0.898,-0.409,2.660,-0.910,1.260
0.257,0.918,-0.399,1.610,-0.980,1.330
0.238,0.913,-0.395,1.960,-1.890,1.470
0.233,0.910,-0.404,1.050,-1.890,1.120
0.230,0.900,-0.404,-0.490,-2.240,0.070
0.233,0.908,-0.413,-1.190,-1.330,-0.560
0.238,0.899,-0.394,-2.730,-2.170,-0.490
0.224,0.912,-0.412,-1.400,-1.400,0.210
0.221,0.896,-0.401,-0.490,-1.470,-0.420
0.238,0.900,-0.404,-2.030,-1.680,-0.210
0.225,0.906,-0.404,-0.700,-0.840,-0.140
0.232,0.909,-0.393,0.000,-2.030,0.560
0.230,0.921,-0.412,0.630,-1.330,1.540
0.222,0.898,-0.399,0.420,-1.960,0.630
0.230,0.915,-0.404,2.450,-1.050,1.260
0.241,0.908,-0.396,0.770,-2.380,0.770
0.233,0.916,-0.407,0.980,-2.030,0.700
0.237,0.898,-0.403,0.000,-1.260,-0.210
0.234,0.899,-0.408,-1.680,-0.700,-0.560
0.230,0.914,-0.395,-0.560,-2.100,0.700
0.221,0.923,-0.390,0.700,-4.480,2.940
0.224,0.904,-0.424,4.900,-0.630,1.400
0.252,0.874,-0.403,-4.830,-1.470,-2.310
0.219,0.905,-0.396,-7.140,-2.800,-0.490
0.206,0.929,-0.378,-2.310,-6.020,1.750
0.221,0.903,-0.418,0.560,-3.710,0.000
0.234,0.885,-0.413,-8.890,-3.290,-3.010
0.227,0.919,-0.402,-6.510,-2.030,-2.100
0.228,0.924,-0.370,-6.580,-5.110,-0.210
0.211,0.912,-0.390,-4.480,-6.790,0.000
0.212,0.890,-0.414,-5.460,-3.290,-2.800

