{
    "version": 1,
    "samplesPerInference": 150,
    "axesCount": 6,
    "classes": [
        "Bicepcurl_Correto_A1_putty0506",
        "Bicepcurl_Correto_A6_putty0506"
    ],
    "deployCounter": 5,
    "folders": {
        "input": "/home/input",
        "output": "/home/output"
    },
    "frequency": 50,
    "impulse": {
        "inputBlocks": [
            {
                "id": 2,
                "type": "time-series",
                "name": "Time series",
                "title": "Time series data",
                "windowSizeMs": 3000,
                "windowIncreaseMs": 1000,
                "frequencyHz": 50,
                "padZeros": true,
                "primaryVersion": true
            }
        ],
        "dspBlocks": [
            {
                "id": 7,
                "type": "spectral-analysis",
                "name": "Spectral features",
                "axes": [
                    "aX",
                    "aY",
                    "aZ",
                    "gX",
                    "gY",
                    "gZ"
                ],
                "title": "Spectral Analysis",
                "input": 2,
                "primaryVersion": true,
                "implementationVersion": 4,
                "metadata": {
                    "created": "2024-06-27T09:57:11.422Z",
                    "dspConfig": {
                        "options": {
                            "scale-axes": 1,
                            "filter-cutoff": 3,
                            "filter-order": 6,
                            "fft-length": 16,
                            "spectral-peaks-count": 3,
                            "spectral-peaks-threshold": 0.1,
                            "spectral-power-edges": "0.1, 0.5, 1.0, 2.0, 5.0",
                            "do-log": true,
                            "do-fft-overlap": true,
                            "wavelet-level": 1,
                            "extra-low-freq": false,
                            "input-decimation-ratio": "1",
                            "filter-type": "none",
                            "analysis-type": "FFT",
                            "wavelet": "db4"
                        },
                        "performance": {
                            "latency": 21,
                            "ram": 4520
                        },
                        "calculateFeatureImportance": true
                    },
                    "labels": [
                        "Bicepcurl_Correto_A1_putty0506",
                        "Bicepcurl_Correto_A6_putty0506"
                    ],
                    "featureLabels": [
                        "aX RMS",
                        "aX Skewness",
                        "aX Kurtosis",
                        "aX Spectral Skewness",
                        "aX Spectral Kurtosis",
                        "aX Spectral Power 1.56 - 4.69 Hz",
                        "aX Spectral Power 4.69 - 7.81 Hz",
                        "aX Spectral Power 7.81 - 10.94 Hz",
                        "aX Spectral Power 10.94 - 14.06 Hz",
                        "aX Spectral Power 14.06 - 17.19 Hz",
                        "aX Spectral Power 17.19 - 20.31 Hz",
                        "aX Spectral Power 20.31 - 23.44 Hz",
                        "aX Spectral Power 23.44 - 26.56 Hz",
                        "aY RMS",
                        "aY Skewness",
                        "aY Kurtosis",
                        "aY Spectral Skewness",
                        "aY Spectral Kurtosis",
                        "aY Spectral Power 1.56 - 4.69 Hz",
                        "aY Spectral Power 4.69 - 7.81 Hz",
                        "aY Spectral Power 7.81 - 10.94 Hz",
                        "aY Spectral Power 10.94 - 14.06 Hz",
                        "aY Spectral Power 14.06 - 17.19 Hz",
                        "aY Spectral Power 17.19 - 20.31 Hz",
                        "aY Spectral Power 20.31 - 23.44 Hz",
                        "aY Spectral Power 23.44 - 26.56 Hz",
                        "aZ RMS",
                        "aZ Skewness",
                        "aZ Kurtosis",
                        "aZ Spectral Skewness",
                        "aZ Spectral Kurtosis",
                        "aZ Spectral Power 1.56 - 4.69 Hz",
                        "aZ Spectral Power 4.69 - 7.81 Hz",
                        "aZ Spectral Power 7.81 - 10.94 Hz",
                        "aZ Spectral Power 10.94 - 14.06 Hz",
                        "aZ Spectral Power 14.06 - 17.19 Hz",
                        "aZ Spectral Power 17.19 - 20.31 Hz",
                        "aZ Spectral Power 20.31 - 23.44 Hz",
                        "aZ Spectral Power 23.44 - 26.56 Hz",
                        "gX RMS",
                        "gX Skewness",
                        "gX Kurtosis",
                        "gX Spectral Skewness",
                        "gX Spectral Kurtosis",
                        "gX Spectral Power 1.56 - 4.69 Hz",
                        "gX Spectral Power 4.69 - 7.81 Hz",
                        "gX Spectral Power 7.81 - 10.94 Hz",
                        "gX Spectral Power 10.94 - 14.06 Hz",
                        "gX Spectral Power 14.06 - 17.19 Hz",
                        "gX Spectral Power 17.19 - 20.31 Hz",
                        "gX Spectral Power 20.31 - 23.44 Hz",
                        "gX Spectral Power 23.44 - 26.56 Hz",
                        "gY RMS",
                        "gY Skewness",
                        "gY Kurtosis",
                        "gY Spectral Skewness",
                        "gY Spectral Kurtosis",
                        "gY Spectral Power 1.56 - 4.69 Hz",
                        "gY Spectral Power 4.69 - 7.81 Hz",
                        "gY Spectral Power 7.81 - 10.94 Hz",
                        "gY Spectral Power 10.94 - 14.06 Hz",
                        "gY Spectral Power 14.06 - 17.19 Hz",
                        "gY Spectral Power 17.19 - 20.31 Hz",
                        "gY Spectral Power 20.31 - 23.44 Hz",
                        "gY Spectral Power 23.44 - 26.56 Hz",
                        "gZ RMS",
                        "gZ Skewness",
                        "gZ Kurtosis",
                        "gZ Spectral Skewness",
                        "gZ Spectral Kurtosis",
                        "gZ Spectral Power 1.56 - 4.69 Hz",
                        "gZ Spectral Power 4.69 - 7.81 Hz",
                        "gZ Spectral Power 7.81 - 10.94 Hz",
                        "gZ Spectral Power 10.94 - 14.06 Hz",
                        "gZ Spectral Power 14.06 - 17.19 Hz",
                        "gZ Spectral Power 17.19 - 20.31 Hz",
                        "gZ Spectral Power 20.31 - 23.44 Hz",
                        "gZ Spectral Power 23.44 - 26.56 Hz"
                    ],
                    "valuesPerAxis": 13,
                    "windowCount": 14,
                    "featureCount": 78,
                    "windowSizeMs": 3000,
                    "windowIncreaseMs": 1000,
                    "frequency": 50,
                    "padZeros": true,
                    "outputConfig": {
                        "type": "flat",
                        "shape": {
                            "width": 78
                        }
                    },
                    "performance": {
                        "latency": 21,
                        "ram": 4520
                    },
                    "fftUsed": [
                        16
                    ],
                    "includeEmptyLabels": false,
                    "inputShape": [
                        900
                    ],
                    "includedSamplesAreInOrder": true,
                    "resamplingAlgorithmVersion": 2
                }
            }
        ],
        "learnBlocks": [
            {
                "id": 13,
                "type": "keras",
                "name": "Classifier",
                "dsp": [
                    7
                ],
                "title": "Classification",
                "primaryVersion": true,
                "mutated": true
            }
        ]
    },
    "project": {
        "name": "Motion Recognition",
        "id": 297894,
        "owner": "Olga Duarte",
        "apiKey": "ei_959ab172f73ad5f32d86638575a248f171e027d425f3aad32fd0c950db5ce140",
        "studioHost": "localhost:4800"
    },
    "sensor": "fusion",
    "tfliteModels": [
        {
            "arenaSize": 3020,
            "inputFrameSize": 78,
            "inputTensor": "dense_input",
            "outputTensor": "y_pred/Softmax:0",
            "details": {
                "modelType": "int8",
                "inputs": [
                    {
                        "dataType": "int8",
                        "name": "serving_default_x:0",
                        "shape": [
                            1,
                            78
                        ],
                        "quantizationScale": 0.09083187580108643,
                        "quantizationZeroPoint": -108
                    }
                ],
                "outputs": [
                    {
                        "dataType": "int8",
                        "name": "StatefulPartitionedCall:0",
                        "shape": [
                            1,
                            2
                        ],
                        "quantizationScale": 0.00390625,
                        "quantizationZeroPoint": -128
                    }
                ]
            },
            "modelPath": "/home/input/trained.tflite"
        }
    ]
}